resolution	country	country_abb	vote
A/RES/77/243	AFGHANISTAN	AFG	X
A/RES/77/243	ALBANIA	ALB	Y
A/RES/77/243	ALGERIA	DZA	Y
A/RES/77/243	ANDORRA	AND	Y
A/RES/77/243	ANGOLA	AGO	Y
A/RES/77/243	ANTIGUA AND BARBUDA	ATG	Y
A/RES/77/243	ARGENTINA	ARG	Y
A/RES/77/243	ARMENIA	ARM	Y
A/RES/77/243	AUSTRALIA	AUS	Y
A/RES/77/243	AUSTRIA	AUT	Y
A/RES/77/243	AZERBAIJAN	AZE	X
A/RES/77/243	BAHAMAS	BHS	Y
A/RES/77/243	BAHRAIN	BHR	Y
A/RES/77/243	BANGLADESH	BGD	Y
A/RES/77/243	BARBADOS	BRB	Y
A/RES/77/243	BELARUS	BLR	A
A/RES/77/243	BELGIUM	BEL	Y
A/RES/77/243	BELIZE	BLZ	X
A/RES/77/243	BENIN	BEN	X
A/RES/77/243	BHUTAN	BTN	Y
A/RES/77/243	BOLIVIA (PLURINATIONAL STATE OF)	BOL	Y
A/RES/77/243	BOSNIA AND HERZEGOVINA	BIH	Y
A/RES/77/243	BOTSWANA	BWA	Y
A/RES/77/243	BRAZIL	BRA	X
A/RES/77/243	BRUNEI DARUSSALAM	BRN	Y
A/RES/77/243	BULGARIA	BGR	Y
A/RES/77/243	BURKINA FASO	BFA	X
A/RES/77/243	BURUNDI	BDI	Y
A/RES/77/243	CABO VERDE	CPV	Y
A/RES/77/243	CAMBODIA	KHM	X
A/RES/77/243	CAMEROON	CMR	Y
A/RES/77/243	CANADA	CAN	Y
A/RES/77/243	CENTRAL AFRICAN REPUBLIC	CAF	Y
A/RES/77/243	CHAD	TCD	Y
A/RES/77/243	CHILE	CHL	Y
A/RES/77/243	CHINA	CHN	Y
A/RES/77/243	COLOMBIA	COL	Y
A/RES/77/243	COMOROS	COM	X
A/RES/77/243	CONGO	COG	A
A/RES/77/243	COSTA RICA	CRI	Y
A/RES/77/243	COTE D'IVOIRE	CIV	X
A/RES/77/243	CROATIA	HRV	Y
A/RES/77/243	CUBA	CUB	Y
A/RES/77/243	CYPRUS	CYP	Y
A/RES/77/243	CZECHIA	CZE	Y
A/RES/77/243	DEMOCRATIC PEOPLE'S REPUBLIC OF KOREA	PRK	X
A/RES/77/243	DEMOCRATIC REPUBLIC OF THE CONGO	COD	X
A/RES/77/243	DENMARK	DNK	Y
A/RES/77/243	DJIBOUTI	DJI	Y
A/RES/77/243	DOMINICA	DMA	X
A/RES/77/243	DOMINICAN REPUBLIC	DOM	Y
A/RES/77/243	ECUADOR	ECU	Y
A/RES/77/243	EGYPT	EGY	Y
A/RES/77/243	EL SALVADOR	SLV	Y
A/RES/77/243	EQUATORIAL GUINEA	GNQ	X
A/RES/77/243	ERITREA	ERI	X
A/RES/77/243	ESTONIA	EST	Y
A/RES/77/243	ESWATINI	SWZ	X
A/RES/77/243	ETHIOPIA	ETH	X
A/RES/77/243	FIJI	FJI	Y
A/RES/77/243	FINLAND	FIN	Y
A/RES/77/243	FRANCE	FRA	Y
A/RES/77/243	GABON	GAB	Y
A/RES/77/243	GAMBIA	GMB	Y
A/RES/77/243	GEORGIA	GEO	Y
A/RES/77/243	GERMANY	DEU	Y
A/RES/77/243	GHANA	GHA	Y
A/RES/77/243	GREECE	GRC	Y
A/RES/77/243	GRENADA	GRD	X
A/RES/77/243	GUATEMALA	GTM	Y
A/RES/77/243	GUINEA	GIN	Y
A/RES/77/243	GUINEA-BISSAU	GNB	Y
A/RES/77/243	GUYANA	GUY	Y
A/RES/77/243	HAITI	HTI	Y
A/RES/77/243	HONDURAS	HND	Y
A/RES/77/243	HUNGARY	HUN	Y
A/RES/77/243	ICELAND	ISL	Y
A/RES/77/243	INDIA	IND	Y
A/RES/77/243	INDONESIA	IDN	Y
A/RES/77/243	IRAN (ISLAMIC REPUBLIC OF)	IRN	Y
A/RES/77/243	IRAQ	IRQ	Y
A/RES/77/243	IRELAND	IRL	Y
A/RES/77/243	ISRAEL	ISR	Y
A/RES/77/243	ITALY	ITA	Y
A/RES/77/243	JAMAICA	JAM	Y
A/RES/77/243	JAPAN	JPN	Y
A/RES/77/243	JORDAN	JOR	Y
A/RES/77/243	KAZAKHSTAN	KAZ	Y
A/RES/77/243	KENYA	KEN	Y
A/RES/77/243	KIRIBATI	KIR	X
A/RES/77/243	KUWAIT	KWT	Y
A/RES/77/243	KYRGYZSTAN	KGZ	Y
A/RES/77/243	LAO PEOPLE'S DEMOCRATIC REPUBLIC	LAO	X
A/RES/77/243	LATVIA	LVA	Y
A/RES/77/243	LEBANON	LBN	Y
A/RES/77/243	LESOTHO	LSO	X
A/RES/77/243	LIBERIA	LBR	Y
A/RES/77/243	LIBYA	LBY	Y
A/RES/77/243	LIECHTENSTEIN	LIE	Y
A/RES/77/243	LITHUANIA	LTU	Y
A/RES/77/243	LUXEMBOURG	LUX	Y
A/RES/77/243	MADAGASCAR	MDG	A
A/RES/77/243	MALAWI	MWI	Y
A/RES/77/243	MALAYSIA	MYS	Y
A/RES/77/243	MALDIVES	MDV	Y
A/RES/77/243	MALI	MLI	Y
A/RES/77/243	MALTA	MLT	Y
A/RES/77/243	MARSHALL ISLANDS	MHL	Y
A/RES/77/243	MAURITANIA	MRT	Y
A/RES/77/243	MAURITIUS	MUS	Y
A/RES/77/243	MEXICO	MEX	Y
A/RES/77/243	MICRONESIA (FEDERATED STATES OF)	FSM	Y
A/RES/77/243	MONACO	MCO	Y
A/RES/77/243	MONGOLIA	MNG	Y
A/RES/77/243	MONTENEGRO	MNE	Y
A/RES/77/243	MOROCCO	MAR	Y
A/RES/77/243	MOZAMBIQUE	MOZ	Y
A/RES/77/243	MYANMAR	MMR	Y
A/RES/77/243	NAMIBIA	NAM	Y
A/RES/77/243	NAURU	NRU	X
A/RES/77/243	NEPAL	NPL	Y
A/RES/77/243	NETHERLANDS	NLD	Y
A/RES/77/243	NEW ZEALAND	NZL	Y
A/RES/77/243	NICARAGUA	NIC	Y
A/RES/77/243	NIGER	NER	Y
A/RES/77/243	NIGERIA	NGA	Y
A/RES/77/243	NORTH MACEDONIA	MKD	Y
A/RES/77/243	NORWAY	NOR	Y
A/RES/77/243	OMAN	OMN	Y
A/RES/77/243	PAKISTAN	PAK	Y
A/RES/77/243	PALAU	PLW	Y
A/RES/77/243	PANAMA	PAN	Y
A/RES/77/243	PAPUA NEW GUINEA	PNG	Y
A/RES/77/243	PARAGUAY	PRY	Y
A/RES/77/243	PERU	PER	Y
A/RES/77/243	PHILIPPINES	PHL	Y
A/RES/77/243	POLAND	POL	Y
A/RES/77/243	PORTUGAL	PRT	Y
A/RES/77/243	QATAR	QAT	Y
A/RES/77/243	REPUBLIC OF KOREA	KOR	Y
A/RES/77/243	REPUBLIC OF MOLDOVA	MDA	Y
A/RES/77/243	ROMANIA	ROU	Y
A/RES/77/243	RUSSIAN FEDERATION	RUS	A
A/RES/77/243	RWANDA	RWA	X
A/RES/77/243	SAINT KITTS AND NEVIS	KNA	Y
A/RES/77/243	SAINT LUCIA	LCA	X
A/RES/77/243	SAINT VINCENT AND THE GRENADINES	VCT	X
A/RES/77/243	SAMOA	WSM	X
A/RES/77/243	SAN MARINO	SMR	Y
A/RES/77/243	SAO TOME AND PRINCIPE	STP	X
A/RES/77/243	SAUDI ARABIA	SAU	Y
A/RES/77/243	SENEGAL	SEN	Y
A/RES/77/243	SERBIA	SRB	Y
A/RES/77/243	SEYCHELLES	SYC	X
A/RES/77/243	SIERRA LEONE	SLE	X
A/RES/77/243	SINGAPORE	SGP	Y
A/RES/77/243	SLOVAKIA	SVK	Y
A/RES/77/243	SLOVENIA	SVN	Y
A/RES/77/243	SOLOMON ISLANDS	SLB	Y
A/RES/77/243	SOMALIA	SOM	Y
A/RES/77/243	SOUTH AFRICA	ZAF	Y
A/RES/77/243	SOUTH SUDAN	SSD	X
A/RES/77/243	SPAIN	ESP	Y
A/RES/77/243	SRI LANKA	LKA	Y
A/RES/77/243	SUDAN	SDN	Y
A/RES/77/243	SURINAME	SUR	Y
A/RES/77/243	SWEDEN	SWE	Y
A/RES/77/243	SWITZERLAND	CHE	Y
A/RES/77/243	SYRIAN ARAB REPUBLIC	SYR	Y
A/RES/77/243	TAJIKISTAN	TJK	X
A/RES/77/243	THAILAND	THA	Y
A/RES/77/243	TIMOR-LESTE	TLS	Y
A/RES/77/243	TOGO	TGO	Y
A/RES/77/243	TONGA	TON	Y
A/RES/77/243	TRINIDAD AND TOBAGO	TTO	Y
A/RES/77/243	TUNISIA	TUN	Y
A/RES/77/243	TURKMENISTAN	TKM	X
A/RES/77/243	TUVALU	TUV	X
A/RES/77/243	TURKIYE	TUR	Y
A/RES/77/243	UGANDA	UGA	Y
A/RES/77/243	UKRAINE	UKR	X
A/RES/77/243	UNITED ARAB EMIRATES	ARE	Y
A/RES/77/243	UNITED KINGDOM	GBR	Y
A/RES/77/243	UNITED REPUBLIC OF TANZANIA	TZA	X
A/RES/77/243	UNITED STATES	USA	Y
A/RES/77/243	URUGUAY	URY	Y
A/RES/77/243	UZBEKISTAN	UZB	Y
A/RES/77/243	VANUATU	VUT	Y
A/RES/77/243	VENEZUELA (BOLIVARIAN REPUBLIC OF)	VEN	X
A/RES/77/243	VIET NAM	VNM	Y
A/RES/77/243	YEMEN	YEM	Y
A/RES/77/243	ZAMBIA	ZMB	Y
A/RES/77/243	ZIMBABWE	ZWE	Y
A/RES/77/200	AFGHANISTAN	AFG	Y
A/RES/77/200	ALBANIA	ALB	A
A/RES/77/200	ALGERIA	DZA	Y
A/RES/77/200	ANDORRA	AND	A
A/RES/77/200	ANGOLA	AGO	Y
A/RES/77/200	ANTIGUA AND BARBUDA	ATG	Y
A/RES/77/200	ARGENTINA	ARG	Y
A/RES/77/200	ARMENIA	ARM	A
A/RES/77/200	AUSTRALIA	AUS	A
A/RES/77/200	AUSTRIA	AUT	A
A/RES/77/200	AZERBAIJAN	AZE	Y
A/RES/77/200	BAHAMAS	BHS	Y
A/RES/77/200	BAHRAIN	BHR	Y
A/RES/77/200	BANGLADESH	BGD	Y
A/RES/77/200	BARBADOS	BRB	Y
A/RES/77/200	BELARUS	BLR	N
A/RES/77/200	BELGIUM	BEL	A
A/RES/77/200	BELIZE	BLZ	Y
A/RES/77/200	BENIN	BEN	Y
A/RES/77/200	BHUTAN	BTN	Y
A/RES/77/200	BOLIVIA (PLURINATIONAL STATE OF)	BOL	Y
A/RES/77/200	BOSNIA AND HERZEGOVINA	BIH	A
A/RES/77/200	BOTSWANA	BWA	Y
A/RES/77/200	BRAZIL	BRA	Y
A/RES/77/200	BRUNEI DARUSSALAM	BRN	Y
A/RES/77/200	BULGARIA	BGR	A
A/RES/77/200	BURKINA FASO	BFA	Y
A/RES/77/200	BURUNDI	BDI	Y
A/RES/77/200	CABO VERDE	CPV	Y
A/RES/77/200	CAMBODIA	KHM	Y
A/RES/77/200	CAMEROON	CMR	Y
A/RES/77/200	CANADA	CAN	A
A/RES/77/200	CENTRAL AFRICAN REPUBLIC	CAF	Y
A/RES/77/200	CHAD	TCD	Y
A/RES/77/200	CHILE	CHL	Y
A/RES/77/200	CHINA	CHN	Y
A/RES/77/200	COLOMBIA	COL	Y
A/RES/77/200	COMOROS	COM	X
A/RES/77/200	CONGO	COG	Y
A/RES/77/200	COSTA RICA	CRI	Y
A/RES/77/200	COTE D'IVOIRE	CIV	Y
A/RES/77/200	CROATIA	HRV	A
A/RES/77/200	CUBA	CUB	Y
A/RES/77/200	CYPRUS	CYP	A
A/RES/77/200	CZECHIA	CZE	A
A/RES/77/200	DEMOCRATIC PEOPLE'S REPUBLIC OF KOREA	PRK	A
A/RES/77/200	DEMOCRATIC REPUBLIC OF THE CONGO	COD	Y
A/RES/77/200	DENMARK	DNK	A
A/RES/77/200	DJIBOUTI	DJI	Y
A/RES/77/200	DOMINICA	DMA	X
A/RES/77/200	DOMINICAN REPUBLIC	DOM	Y
A/RES/77/200	ECUADOR	ECU	Y
A/RES/77/200	EGYPT	EGY	Y
A/RES/77/200	EL SALVADOR	SLV	Y
A/RES/77/200	EQUATORIAL GUINEA	GNQ	Y
A/RES/77/200	ERITREA	ERI	Y
A/RES/77/200	ESTONIA	EST	A
A/RES/77/200	ESWATINI	SWZ	Y
A/RES/77/200	ETHIOPIA	ETH	Y
A/RES/77/200	FIJI	FJI	Y
A/RES/77/200	FINLAND	FIN	A
A/RES/77/200	FRANCE	FRA	A
A/RES/77/200	GABON	GAB	Y
A/RES/77/200	GAMBIA	GMB	Y
A/RES/77/200	GEORGIA	GEO	A
A/RES/77/200	GERMANY	DEU	A
A/RES/77/200	GHANA	GHA	Y
A/RES/77/200	GREECE	GRC	A
A/RES/77/200	GRENADA	GRD	Y
A/RES/77/200	GUATEMALA	GTM	Y
A/RES/77/200	GUINEA	GIN	Y
A/RES/77/200	GUINEA-BISSAU	GNB	Y
A/RES/77/200	GUYANA	GUY	Y
A/RES/77/200	HAITI	HTI	Y
A/RES/77/200	HONDURAS	HND	Y
A/RES/77/200	HUNGARY	HUN	A
A/RES/77/200	ICELAND	ISL	A
A/RES/77/200	INDIA	IND	Y
A/RES/77/200	INDONESIA	IDN	Y
A/RES/77/200	IRAN (ISLAMIC REPUBLIC OF)	IRN	A
A/RES/77/200	IRAQ	IRQ	Y
A/RES/77/200	IRELAND	IRL	A
A/RES/77/200	ISRAEL	ISR	N
A/RES/77/200	ITALY	ITA	A
A/RES/77/200	JAMAICA	JAM	Y
A/RES/77/200	JAPAN	JPN	A
A/RES/77/200	JORDAN	JOR	Y
A/RES/77/200	KAZAKHSTAN	KAZ	A
A/RES/77/200	KENYA	KEN	Y
A/RES/77/200	KIRIBATI	KIR	Y
A/RES/77/200	KUWAIT	KWT	Y
A/RES/77/200	KYRGYZSTAN	KGZ	Y
A/RES/77/200	LAO PEOPLE'S DEMOCRATIC REPUBLIC	LAO	Y
A/RES/77/200	LATVIA	LVA	A
A/RES/77/200	LEBANON	LBN	Y
A/RES/77/200	LESOTHO	LSO	A
A/RES/77/200	LIBERIA	LBR	X
A/RES/77/200	LIBYA	LBY	Y
A/RES/77/200	LIECHTENSTEIN	LIE	A
A/RES/77/200	LITHUANIA	LTU	A
A/RES/77/200	LUXEMBOURG	LUX	A
A/RES/77/200	MADAGASCAR	MDG	Y
A/RES/77/200	MALAWI	MWI	Y
A/RES/77/200	MALAYSIA	MYS	Y
A/RES/77/200	MALDIVES	MDV	Y
A/RES/77/200	MALI	MLI	Y
A/RES/77/200	MALTA	MLT	A
A/RES/77/200	MARSHALL ISLANDS	MHL	X
A/RES/77/200	MAURITANIA	MRT	Y
A/RES/77/200	MAURITIUS	MUS	Y
A/RES/77/200	MEXICO	MEX	Y
A/RES/77/200	MICRONESIA (FEDERATED STATES OF)	FSM	X
A/RES/77/200	MONACO	MCO	A
A/RES/77/200	MONGOLIA	MNG	Y
A/RES/77/200	MONTENEGRO	MNE	A
A/RES/77/200	MOROCCO	MAR	Y
A/RES/77/200	MOZAMBIQUE	MOZ	Y
A/RES/77/200	MYANMAR	MMR	Y
A/RES/77/200	NAMIBIA	NAM	Y
A/RES/77/200	NAURU	NRU	X
A/RES/77/200	NEPAL	NPL	Y
A/RES/77/200	NETHERLANDS	NLD	A
A/RES/77/200	NEW ZEALAND	NZL	A
A/RES/77/200	NICARAGUA	NIC	N
A/RES/77/200	NIGER	NER	Y
A/RES/77/200	NIGERIA	NGA	Y
A/RES/77/200	NORTH MACEDONIA	MKD	A
A/RES/77/200	NORWAY	NOR	A
A/RES/77/200	OMAN	OMN	Y
A/RES/77/200	PAKISTAN	PAK	Y
A/RES/77/200	PALAU	PLW	X
A/RES/77/200	PANAMA	PAN	Y
A/RES/77/200	PAPUA NEW GUINEA	PNG	A
A/RES/77/200	PARAGUAY	PRY	Y
A/RES/77/200	PERU	PER	Y
A/RES/77/200	PHILIPPINES	PHL	Y
A/RES/77/200	POLAND	POL	A
A/RES/77/200	PORTUGAL	PRT	A
A/RES/77/200	QATAR	QAT	Y
A/RES/77/200	REPUBLIC OF KOREA	KOR	A
A/RES/77/200	REPUBLIC OF MOLDOVA	MDA	A
A/RES/77/200	ROMANIA	ROU	A
A/RES/77/200	RUSSIAN FEDERATION	RUS	A
A/RES/77/200	RWANDA	RWA	Y
A/RES/77/200	SAINT KITTS AND NEVIS	KNA	Y
A/RES/77/200	SAINT LUCIA	LCA	Y
A/RES/77/200	SAINT VINCENT AND THE GRENADINES	VCT	Y
A/RES/77/200	SAMOA	WSM	Y
A/RES/77/200	SAN MARINO	SMR	A
A/RES/77/200	SAO TOME AND PRINCIPE	STP	X
A/RES/77/200	SAUDI ARABIA	SAU	Y
A/RES/77/200	SENEGAL	SEN	Y
A/RES/77/200	SERBIA	SRB	A
A/RES/77/200	SEYCHELLES	SYC	X
A/RES/77/200	SIERRA LEONE	SLE	Y
A/RES/77/200	SINGAPORE	SGP	Y
A/RES/77/200	SLOVAKIA	SVK	A
A/RES/77/200	SLOVENIA	SVN	A
A/RES/77/200	SOLOMON ISLANDS	SLB	X
A/RES/77/200	SOMALIA	SOM	X
A/RES/77/200	SOUTH AFRICA	ZAF	Y
A/RES/77/200	SOUTH SUDAN	SSD	X
A/RES/77/200	SPAIN	ESP	A
A/RES/77/200	SRI LANKA	LKA	Y
A/RES/77/200	SUDAN	SDN	Y
A/RES/77/200	SURINAME	SUR	Y
A/RES/77/200	SWEDEN	SWE	A
A/RES/77/200	SWITZERLAND	CHE	A
A/RES/77/200	SYRIAN ARAB REPUBLIC	SYR	A
A/RES/77/200	TAJIKISTAN	TJK	A
A/RES/77/200	THAILAND	THA	Y
A/RES/77/200	TIMOR-LESTE	TLS	Y
A/RES/77/200	TOGO	TGO	Y
A/RES/77/200	TONGA	TON	X
A/RES/77/200	TRINIDAD AND TOBAGO	TTO	Y
A/RES/77/200	TUNISIA	TUN	Y
A/RES/77/200	TURKMENISTAN	TKM	X
A/RES/77/200	TUVALU	TUV	Y
A/RES/77/200	TURKIYE	TUR	A
A/RES/77/200	UGANDA	UGA	Y
A/RES/77/200	UKRAINE	UKR	A
A/RES/77/200	UNITED ARAB EMIRATES	ARE	Y
A/RES/77/200	UNITED KINGDOM	GBR	A
A/RES/77/200	UNITED REPUBLIC OF TANZANIA	TZA	Y
A/RES/77/200	UNITED STATES	USA	A
A/RES/77/200	URUGUAY	URY	Y
A/RES/77/200	UZBEKISTAN	UZB	Y
A/RES/77/200	VANUATU	VUT	X
A/RES/77/200	VENEZUELA (BOLIVARIAN REPUBLIC OF)	VEN	X
A/RES/77/200	VIET NAM	VNM	Y
A/RES/77/200	YEMEN	YEM	Y
A/RES/77/200	ZAMBIA	ZMB	Y
A/RES/77/200	ZIMBABWE	ZWE	Y
A/RES/77/193	AFGHANISTAN	AFG	Y
A/RES/77/193	ALBANIA	ALB	Y
A/RES/77/193	ALGERIA	DZA	A
A/RES/77/193	ANDORRA	AND	Y
A/RES/77/193	ANGOLA	AGO	Y
A/RES/77/193	ANTIGUA AND BARBUDA	ATG	Y
A/RES/77/193	ARGENTINA	ARG	Y
A/RES/77/193	ARMENIA	ARM	Y
A/RES/77/193	AUSTRALIA	AUS	Y
A/RES/77/193	AUSTRIA	AUT	Y
A/RES/77/193	AZERBAIJAN	AZE	Y
A/RES/77/193	BAHAMAS	BHS	Y
A/RES/77/193	BAHRAIN	BHR	Y
A/RES/77/193	BANGLADESH	BGD	Y
A/RES/77/193	BARBADOS	BRB	Y
A/RES/77/193	BELARUS	BLR	A
A/RES/77/193	BELGIUM	BEL	Y
A/RES/77/193	BELIZE	BLZ	Y
A/RES/77/193	BENIN	BEN	Y
A/RES/77/193	BHUTAN	BTN	Y
A/RES/77/193	BOLIVIA (PLURINATIONAL STATE OF)	BOL	Y
A/RES/77/193	BOSNIA AND HERZEGOVINA	BIH	Y
A/RES/77/193	BOTSWANA	BWA	Y
A/RES/77/193	BRAZIL	BRA	Y
A/RES/77/193	BRUNEI DARUSSALAM	BRN	Y
A/RES/77/193	BULGARIA	BGR	Y
A/RES/77/193	BURKINA FASO	BFA	Y
A/RES/77/193	BURUNDI	BDI	Y
A/RES/77/193	CABO VERDE	CPV	Y
A/RES/77/193	CAMBODIA	KHM	Y
A/RES/77/193	CAMEROON	CMR	Y
A/RES/77/193	CANADA	CAN	Y
A/RES/77/193	CENTRAL AFRICAN REPUBLIC	CAF	Y
A/RES/77/193	CHAD	TCD	Y
A/RES/77/193	CHILE	CHL	Y
A/RES/77/193	CHINA	CHN	Y
A/RES/77/193	COLOMBIA	COL	Y
A/RES/77/193	COMOROS	COM	X
A/RES/77/193	CONGO	COG	Y
A/RES/77/193	COSTA RICA	CRI	Y
A/RES/77/193	COTE D'IVOIRE	CIV	Y
A/RES/77/193	CROATIA	HRV	Y
A/RES/77/193	CUBA	CUB	Y
A/RES/77/193	CYPRUS	CYP	Y
A/RES/77/193	CZECHIA	CZE	Y
A/RES/77/193	DEMOCRATIC PEOPLE'S REPUBLIC OF KOREA	PRK	A
A/RES/77/193	DEMOCRATIC REPUBLIC OF THE CONGO	COD	Y
A/RES/77/193	DENMARK	DNK	Y
A/RES/77/193	DJIBOUTI	DJI	Y
A/RES/77/193	DOMINICA	DMA	Y
A/RES/77/193	DOMINICAN REPUBLIC	DOM	Y
A/RES/77/193	ECUADOR	ECU	Y
A/RES/77/193	EGYPT	EGY	Y
A/RES/77/193	EL SALVADOR	SLV	Y
A/RES/77/193	EQUATORIAL GUINEA	GNQ	X
A/RES/77/193	ERITREA	ERI	Y
A/RES/77/193	ESTONIA	EST	Y
A/RES/77/193	ESWATINI	SWZ	Y
A/RES/77/193	ETHIOPIA	ETH	Y
A/RES/77/193	FIJI	FJI	Y
A/RES/77/193	FINLAND	FIN	Y
A/RES/77/193	FRANCE	FRA	Y
A/RES/77/193	GABON	GAB	A
A/RES/77/193	GAMBIA	GMB	Y
A/RES/77/193	GEORGIA	GEO	Y
A/RES/77/193	GERMANY	DEU	Y
A/RES/77/193	GHANA	GHA	Y
A/RES/77/193	GREECE	GRC	Y
A/RES/77/193	GRENADA	GRD	X
A/RES/77/193	GUATEMALA	GTM	Y
A/RES/77/193	GUINEA	GIN	Y
A/RES/77/193	GUINEA-BISSAU	GNB	Y
A/RES/77/193	GUYANA	GUY	Y
A/RES/77/193	HAITI	HTI	Y
A/RES/77/193	HONDURAS	HND	Y
A/RES/77/193	HUNGARY	HUN	Y
A/RES/77/193	ICELAND	ISL	Y
A/RES/77/193	INDIA	IND	Y
A/RES/77/193	INDONESIA	IDN	Y
A/RES/77/193	IRAN (ISLAMIC REPUBLIC OF)	IRN	N
A/RES/77/193	IRAQ	IRQ	Y
A/RES/77/193	IRELAND	IRL	Y
A/RES/77/193	ISRAEL	ISR	Y
A/RES/77/193	ITALY	ITA	Y
A/RES/77/193	JAMAICA	JAM	Y
A/RES/77/193	JAPAN	JPN	Y
A/RES/77/193	JORDAN	JOR	Y
A/RES/77/193	KAZAKHSTAN	KAZ	Y
A/RES/77/193	KENYA	KEN	Y
A/RES/77/193	KIRIBATI	KIR	Y
A/RES/77/193	KUWAIT	KWT	Y
A/RES/77/193	KYRGYZSTAN	KGZ	Y
A/RES/77/193	LAO PEOPLE'S DEMOCRATIC REPUBLIC	LAO	Y
A/RES/77/193	LATVIA	LVA	Y
A/RES/77/193	LEBANON	LBN	Y
A/RES/77/193	LESOTHO	LSO	Y
A/RES/77/193	LIBERIA	LBR	Y
A/RES/77/193	LIBYA	LBY	A
A/RES/77/193	LIECHTENSTEIN	LIE	Y
A/RES/77/193	LITHUANIA	LTU	Y
A/RES/77/193	LUXEMBOURG	LUX	Y
A/RES/77/193	MADAGASCAR	MDG	Y
A/RES/77/193	MALAWI	MWI	Y
A/RES/77/193	MALAYSIA	MYS	Y
A/RES/77/193	MALDIVES	MDV	Y
A/RES/77/193	MALI	MLI	Y
A/RES/77/193	MALTA	MLT	Y
A/RES/77/193	MARSHALL ISLANDS	MHL	Y
A/RES/77/193	MAURITANIA	MRT	Y
A/RES/77/193	MAURITIUS	MUS	Y
A/RES/77/193	MEXICO	MEX	Y
A/RES/77/193	MICRONESIA (FEDERATED STATES OF)	FSM	Y
A/RES/77/193	MONACO	MCO	Y
A/RES/77/193	MONGOLIA	MNG	Y
A/RES/77/193	MONTENEGRO	MNE	Y
A/RES/77/193	MOROCCO	MAR	Y
A/RES/77/193	MOZAMBIQUE	MOZ	Y
A/RES/77/193	MYANMAR	MMR	Y
A/RES/77/193	NAMIBIA	NAM	Y
A/RES/77/193	NAURU	NRU	X
A/RES/77/193	NEPAL	NPL	Y
A/RES/77/193	NETHERLANDS	NLD	Y
A/RES/77/193	NEW ZEALAND	NZL	Y
A/RES/77/193	NICARAGUA	NIC	A
A/RES/77/193	NIGER	NER	X
A/RES/77/193	NIGERIA	NGA	Y
A/RES/77/193	NORTH MACEDONIA	MKD	Y
A/RES/77/193	NORWAY	NOR	Y
A/RES/77/193	OMAN	OMN	Y
A/RES/77/193	PAKISTAN	PAK	Y
A/RES/77/193	PALAU	PLW	Y
A/RES/77/193	PANAMA	PAN	Y
A/RES/77/193	PAPUA NEW GUINEA	PNG	Y
A/RES/77/193	PARAGUAY	PRY	Y
A/RES/77/193	PERU	PER	Y
A/RES/77/193	PHILIPPINES	PHL	Y
A/RES/77/193	POLAND	POL	X
A/RES/77/193	PORTUGAL	PRT	Y
A/RES/77/193	QATAR	QAT	Y
A/RES/77/193	REPUBLIC OF KOREA	KOR	Y
A/RES/77/193	REPUBLIC OF MOLDOVA	MDA	Y
A/RES/77/193	ROMANIA	ROU	Y
A/RES/77/193	RUSSIAN FEDERATION	RUS	A
A/RES/77/193	RWANDA	RWA	Y
A/RES/77/193	SAINT KITTS AND NEVIS	KNA	Y
A/RES/77/193	SAINT LUCIA	LCA	Y
A/RES/77/193	SAINT VINCENT AND THE GRENADINES	VCT	Y
A/RES/77/193	SAMOA	WSM	Y
A/RES/77/193	SAN MARINO	SMR	Y
A/RES/77/193	SAO TOME AND PRINCIPE	STP	X
A/RES/77/193	SAUDI ARABIA	SAU	Y
A/RES/77/193	SENEGAL	SEN	Y
A/RES/77/193	SERBIA	SRB	Y
A/RES/77/193	SEYCHELLES	SYC	X
A/RES/77/193	SIERRA LEONE	SLE	Y
A/RES/77/193	SINGAPORE	SGP	Y
A/RES/77/193	SLOVAKIA	SVK	Y
A/RES/77/193	SLOVENIA	SVN	Y
A/RES/77/193	SOLOMON ISLANDS	SLB	X
A/RES/77/193	SOMALIA	SOM	X
A/RES/77/193	SOUTH AFRICA	ZAF	Y
A/RES/77/193	SOUTH SUDAN	SSD	X
A/RES/77/193	SPAIN	ESP	Y
A/RES/77/193	SRI LANKA	LKA	Y
A/RES/77/193	SUDAN	SDN	Y
A/RES/77/193	SURINAME	SUR	Y
A/RES/77/193	SWEDEN	SWE	Y
A/RES/77/193	SWITZERLAND	CHE	Y
A/RES/77/193	SYRIAN ARAB REPUBLIC	SYR	A
A/RES/77/193	TAJIKISTAN	TJK	Y
A/RES/77/193	THAILAND	THA	Y
A/RES/77/193	TIMOR-LESTE	TLS	Y
A/RES/77/193	TOGO	TGO	Y
A/RES/77/193	TONGA	TON	X
A/RES/77/193	TRINIDAD AND TOBAGO	TTO	Y
A/RES/77/193	TUNISIA	TUN	Y
A/RES/77/193	TURKMENISTAN	TKM	Y
A/RES/77/193	TUVALU	TUV	Y
A/RES/77/193	TURKIYE	TUR	Y
A/RES/77/193	UGANDA	UGA	Y
A/RES/77/193	UKRAINE	UKR	Y
A/RES/77/193	UNITED ARAB EMIRATES	ARE	Y
A/RES/77/193	UNITED KINGDOM	GBR	Y
A/RES/77/193	UNITED REPUBLIC OF TANZANIA	TZA	Y
A/RES/77/193	UNITED STATES	USA	Y
A/RES/77/193	URUGUAY	URY	Y
A/RES/77/193	UZBEKISTAN	UZB	Y
A/RES/77/193	VANUATU	VUT	X
A/RES/77/193	VENEZUELA (BOLIVARIAN REPUBLIC OF)	VEN	X
A/RES/77/193	VIET NAM	VNM	Y
A/RES/77/193	YEMEN	YEM	Y
A/RES/77/193	ZAMBIA	ZMB	Y
A/RES/77/193	ZIMBABWE	ZWE	Y
A/RES/77/204	AFGHANISTAN	AFG	A
A/RES/77/204	ALBANIA	ALB	N
A/RES/77/204	ALGERIA	DZA	Y
A/RES/77/204	ANDORRA	AND	N
A/RES/77/204	ANGOLA	AGO	Y
A/RES/77/204	ANTIGUA AND BARBUDA	ATG	Y
A/RES/77/204	ARGENTINA	ARG	Y
A/RES/77/204	ARMENIA	ARM	Y
A/RES/77/204	AUSTRALIA	AUS	N
A/RES/77/204	AUSTRIA	AUT	N
A/RES/77/204	AZERBAIJAN	AZE	Y
A/RES/77/204	BAHAMAS	BHS	Y
A/RES/77/204	BAHRAIN	BHR	Y
A/RES/77/204	BANGLADESH	BGD	Y
A/RES/77/204	BARBADOS	BRB	Y
A/RES/77/204	BELARUS	BLR	Y
A/RES/77/204	BELGIUM	BEL	N
A/RES/77/204	BELIZE	BLZ	Y
A/RES/77/204	BENIN	BEN	X
A/RES/77/204	BHUTAN	BTN	Y
A/RES/77/204	BOLIVIA (PLURINATIONAL STATE OF)	BOL	Y
A/RES/77/204	BOSNIA AND HERZEGOVINA	BIH	N
A/RES/77/204	BOTSWANA	BWA	Y
A/RES/77/204	BRAZIL	BRA	Y
A/RES/77/204	BRUNEI DARUSSALAM	BRN	Y
A/RES/77/204	BULGARIA	BGR	N
A/RES/77/204	BURKINA FASO	BFA	X
A/RES/77/204	BURUNDI	BDI	Y
A/RES/77/204	CABO VERDE	CPV	Y
A/RES/77/204	CAMBODIA	KHM	Y
A/RES/77/204	CAMEROON	CMR	Y
A/RES/77/204	CANADA	CAN	N
A/RES/77/204	CENTRAL AFRICAN REPUBLIC	CAF	Y
A/RES/77/204	CHAD	TCD	Y
A/RES/77/204	CHILE	CHL	Y
A/RES/77/204	CHINA	CHN	Y
A/RES/77/204	COLOMBIA	COL	Y
A/RES/77/204	COMOROS	COM	X
A/RES/77/204	CONGO	COG	Y
A/RES/77/204	COSTA RICA	CRI	Y
A/RES/77/204	COTE D'IVOIRE	CIV	Y
A/RES/77/204	CROATIA	HRV	N
A/RES/77/204	CUBA	CUB	Y
A/RES/77/204	CYPRUS	CYP	N
A/RES/77/204	CZECHIA	CZE	N
A/RES/77/204	DEMOCRATIC PEOPLE'S REPUBLIC OF KOREA	PRK	Y
A/RES/77/204	DEMOCRATIC REPUBLIC OF THE CONGO	COD	Y
A/RES/77/204	DENMARK	DNK	N
A/RES/77/204	DJIBOUTI	DJI	Y
A/RES/77/204	DOMINICA	DMA	X
A/RES/77/204	DOMINICAN REPUBLIC	DOM	Y
A/RES/77/204	ECUADOR	ECU	A
A/RES/77/204	EGYPT	EGY	Y
A/RES/77/204	EL SALVADOR	SLV	Y
A/RES/77/204	EQUATORIAL GUINEA	GNQ	Y
A/RES/77/204	ERITREA	ERI	Y
A/RES/77/204	ESTONIA	EST	N
A/RES/77/204	ESWATINI	SWZ	Y
A/RES/77/204	ETHIOPIA	ETH	Y
A/RES/77/204	FIJI	FJI	Y
A/RES/77/204	FINLAND	FIN	N
A/RES/77/204	FRANCE	FRA	N
A/RES/77/204	GABON	GAB	Y
A/RES/77/204	GAMBIA	GMB	Y
A/RES/77/204	GEORGIA	GEO	N
A/RES/77/204	GERMANY	DEU	N
A/RES/77/204	GHANA	GHA	Y
A/RES/77/204	GREECE	GRC	N
A/RES/77/204	GRENADA	GRD	Y
A/RES/77/204	GUATEMALA	GTM	Y
A/RES/77/204	GUINEA	GIN	Y
A/RES/77/204	GUINEA-BISSAU	GNB	Y
A/RES/77/204	GUYANA	GUY	Y
A/RES/77/204	HAITI	HTI	Y
A/RES/77/204	HONDURAS	HND	Y
A/RES/77/204	HUNGARY	HUN	N
A/RES/77/204	ICELAND	ISL	N
A/RES/77/204	INDIA	IND	Y
A/RES/77/204	INDONESIA	IDN	Y
A/RES/77/204	IRAN (ISLAMIC REPUBLIC OF)	IRN	X
A/RES/77/204	IRAQ	IRQ	Y
A/RES/77/204	IRELAND	IRL	N
A/RES/77/204	ISRAEL	ISR	Y
A/RES/77/204	ITALY	ITA	N
A/RES/77/204	JAMAICA	JAM	Y
A/RES/77/204	JAPAN	JPN	N
A/RES/77/204	JORDAN	JOR	Y
A/RES/77/204	KAZAKHSTAN	KAZ	Y
A/RES/77/204	KENYA	KEN	Y
A/RES/77/204	KIRIBATI	KIR	N
A/RES/77/204	KUWAIT	KWT	Y
A/RES/77/204	KYRGYZSTAN	KGZ	Y
A/RES/77/204	LAO PEOPLE'S DEMOCRATIC REPUBLIC	LAO	Y
A/RES/77/204	LATVIA	LVA	N
A/RES/77/204	LEBANON	LBN	Y
A/RES/77/204	LESOTHO	LSO	Y
A/RES/77/204	LIBERIA	LBR	N
A/RES/77/204	LIBYA	LBY	Y
A/RES/77/204	LIECHTENSTEIN	LIE	N
A/RES/77/204	LITHUANIA	LTU	N
A/RES/77/204	LUXEMBOURG	LUX	N
A/RES/77/204	MADAGASCAR	MDG	Y
A/RES/77/204	MALAWI	MWI	Y
A/RES/77/204	MALAYSIA	MYS	Y
A/RES/77/204	MALDIVES	MDV	Y
A/RES/77/204	MALI	MLI	Y
A/RES/77/204	MALTA	MLT	N
A/RES/77/204	MARSHALL ISLANDS	MHL	N
A/RES/77/204	MAURITANIA	MRT	Y
A/RES/77/204	MAURITIUS	MUS	Y
A/RES/77/204	MEXICO	MEX	Y
A/RES/77/204	MICRONESIA (FEDERATED STATES OF)	FSM	N
A/RES/77/204	MONACO	MCO	N
A/RES/77/204	MONGOLIA	MNG	Y
A/RES/77/204	MONTENEGRO	MNE	N
A/RES/77/204	MOROCCO	MAR	X
A/RES/77/204	MOZAMBIQUE	MOZ	Y
A/RES/77/204	MYANMAR	MMR	A
A/RES/77/204	NAMIBIA	NAM	Y
A/RES/77/204	NAURU	NRU	Y
A/RES/77/204	NEPAL	NPL	Y
A/RES/77/204	NETHERLANDS	NLD	N
A/RES/77/204	NEW ZEALAND	NZL	N
A/RES/77/204	NICARAGUA	NIC	Y
A/RES/77/204	NIGER	NER	Y
A/RES/77/204	NIGERIA	NGA	Y
A/RES/77/204	NORTH MACEDONIA	MKD	N
A/RES/77/204	NORWAY	NOR	N
A/RES/77/204	OMAN	OMN	Y
A/RES/77/204	PAKISTAN	PAK	Y
A/RES/77/204	PALAU	PLW	A
A/RES/77/204	PANAMA	PAN	A
A/RES/77/204	PAPUA NEW GUINEA	PNG	A
A/RES/77/204	PARAGUAY	PRY	Y
A/RES/77/204	PERU	PER	Y
A/RES/77/204	PHILIPPINES	PHL	Y
A/RES/77/204	POLAND	POL	N
A/RES/77/204	PORTUGAL	PRT	N
A/RES/77/204	QATAR	QAT	Y
A/RES/77/204	REPUBLIC OF KOREA	KOR	A
A/RES/77/204	REPUBLIC OF MOLDOVA	MDA	N
A/RES/77/204	ROMANIA	ROU	N
A/RES/77/204	RUSSIAN FEDERATION	RUS	Y
A/RES/77/204	RWANDA	RWA	Y
A/RES/77/204	SAINT KITTS AND NEVIS	KNA	Y
A/RES/77/204	SAINT LUCIA	LCA	Y
A/RES/77/204	SAINT VINCENT AND THE GRENADINES	VCT	Y
A/RES/77/204	SAMOA	WSM	A
A/RES/77/204	SAN MARINO	SMR	N
A/RES/77/204	SAO TOME AND PRINCIPE	STP	X
A/RES/77/204	SAUDI ARABIA	SAU	Y
A/RES/77/204	SENEGAL	SEN	Y
A/RES/77/204	SERBIA	SRB	Y
A/RES/77/204	SEYCHELLES	SYC	X
A/RES/77/204	SIERRA LEONE	SLE	X
A/RES/77/204	SINGAPORE	SGP	Y
A/RES/77/204	SLOVAKIA	SVK	N
A/RES/77/204	SLOVENIA	SVN	N
A/RES/77/204	SOLOMON ISLANDS	SLB	Y
A/RES/77/204	SOMALIA	SOM	Y
A/RES/77/204	SOUTH AFRICA	ZAF	Y
A/RES/77/204	SOUTH SUDAN	SSD	X
A/RES/77/204	SPAIN	ESP	N
A/RES/77/204	SRI LANKA	LKA	Y
A/RES/77/204	SUDAN	SDN	Y
A/RES/77/204	SURINAME	SUR	Y
A/RES/77/204	SWEDEN	SWE	N
A/RES/77/204	SWITZERLAND	CHE	A
A/RES/77/204	SYRIAN ARAB REPUBLIC	SYR	Y
A/RES/77/204	TAJIKISTAN	TJK	Y
A/RES/77/204	THAILAND	THA	Y
A/RES/77/204	TIMOR-LESTE	TLS	Y
A/RES/77/204	TOGO	TGO	Y
A/RES/77/204	TONGA	TON	X
A/RES/77/204	TRINIDAD AND TOBAGO	TTO	Y
A/RES/77/204	TUNISIA	TUN	Y
A/RES/77/204	TURKMENISTAN	TKM	Y
A/RES/77/204	TUVALU	TUV	Y
A/RES/77/204	TURKIYE	TUR	A
A/RES/77/204	UGANDA	UGA	Y
A/RES/77/204	UKRAINE	UKR	N
A/RES/77/204	UNITED ARAB EMIRATES	ARE	Y
A/RES/77/204	UNITED KINGDOM	GBR	N
A/RES/77/204	UNITED REPUBLIC OF TANZANIA	TZA	Y
A/RES/77/204	UNITED STATES	USA	N
A/RES/77/204	URUGUAY	URY	Y
A/RES/77/204	UZBEKISTAN	UZB	Y
A/RES/77/204	VANUATU	VUT	X
A/RES/77/204	VENEZUELA (BOLIVARIAN REPUBLIC OF)	VEN	X
A/RES/77/204	VIET NAM	VNM	Y
A/RES/77/204	YEMEN	YEM	Y
A/RES/77/204	ZAMBIA	ZMB	Y
A/RES/77/204	ZIMBABWE	ZWE	Y
A/RES/77/205	AFGHANISTAN	AFG	Y
A/RES/77/205	ALBANIA	ALB	A
A/RES/77/205	ALGERIA	DZA	Y
A/RES/77/205	ANDORRA	AND	A
A/RES/77/205	ANGOLA	AGO	Y
A/RES/77/205	ANTIGUA AND BARBUDA	ATG	Y
A/RES/77/205	ARGENTINA	ARG	Y
A/RES/77/205	ARMENIA	ARM	A
A/RES/77/205	AUSTRALIA	AUS	N
A/RES/77/205	AUSTRIA	AUT	N
A/RES/77/205	AZERBAIJAN	AZE	Y
A/RES/77/205	BAHAMAS	BHS	Y
A/RES/77/205	BAHRAIN	BHR	Y
A/RES/77/205	BANGLADESH	BGD	Y
A/RES/77/205	BARBADOS	BRB	Y
A/RES/77/205	BELARUS	BLR	Y
A/RES/77/205	BELGIUM	BEL	A
A/RES/77/205	BELIZE	BLZ	Y
A/RES/77/205	BENIN	BEN	Y
A/RES/77/205	BHUTAN	BTN	Y
A/RES/77/205	BOLIVIA (PLURINATIONAL STATE OF)	BOL	Y
A/RES/77/205	BOSNIA AND HERZEGOVINA	BIH	A
A/RES/77/205	BOTSWANA	BWA	Y
A/RES/77/205	BRAZIL	BRA	Y
A/RES/77/205	BRUNEI DARUSSALAM	BRN	Y
A/RES/77/205	BULGARIA	BGR	A
A/RES/77/205	BURKINA FASO	BFA	Y
A/RES/77/205	BURUNDI	BDI	Y
A/RES/77/205	CABO VERDE	CPV	Y
A/RES/77/205	CAMBODIA	KHM	Y
A/RES/77/205	CAMEROON	CMR	Y
A/RES/77/205	CANADA	CAN	N
A/RES/77/205	CENTRAL AFRICAN REPUBLIC	CAF	Y
A/RES/77/205	CHAD	TCD	Y
A/RES/77/205	CHILE	CHL	Y
A/RES/77/205	CHINA	CHN	Y
A/RES/77/205	COLOMBIA	COL	Y
A/RES/77/205	COMOROS	COM	X
A/RES/77/205	CONGO	COG	Y
A/RES/77/205	COSTA RICA	CRI	Y
A/RES/77/205	COTE D'IVOIRE	CIV	Y
A/RES/77/205	CROATIA	HRV	N
A/RES/77/205	CUBA	CUB	Y
A/RES/77/205	CYPRUS	CYP	A
A/RES/77/205	CZECHIA	CZE	N
A/RES/77/205	DEMOCRATIC PEOPLE'S REPUBLIC OF KOREA	PRK	Y
A/RES/77/205	DEMOCRATIC REPUBLIC OF THE CONGO	COD	Y
A/RES/77/205	DENMARK	DNK	A
A/RES/77/205	DJIBOUTI	DJI	Y
A/RES/77/205	DOMINICA	DMA	Y
A/RES/77/205	DOMINICAN REPUBLIC	DOM	Y
A/RES/77/205	ECUADOR	ECU	Y
A/RES/77/205	EGYPT	EGY	Y
A/RES/77/205	EL SALVADOR	SLV	Y
A/RES/77/205	EQUATORIAL GUINEA	GNQ	Y
A/RES/77/205	ERITREA	ERI	Y
A/RES/77/205	ESTONIA	EST	A
A/RES/77/205	ESWATINI	SWZ	Y
A/RES/77/205	ETHIOPIA	ETH	Y
A/RES/77/205	FIJI	FJI	Y
A/RES/77/205	FINLAND	FIN	A
A/RES/77/205	FRANCE	FRA	N
A/RES/77/205	GABON	GAB	Y
A/RES/77/205	GAMBIA	GMB	Y
A/RES/77/205	GEORGIA	GEO	A
A/RES/77/205	GERMANY	DEU	N
A/RES/77/205	GHANA	GHA	Y
A/RES/77/205	GREECE	GRC	A
A/RES/77/205	GRENADA	GRD	Y
A/RES/77/205	GUATEMALA	GTM	Y
A/RES/77/205	GUINEA	GIN	Y
A/RES/77/205	GUINEA-BISSAU	GNB	Y
A/RES/77/205	GUYANA	GUY	Y
A/RES/77/205	HAITI	HTI	Y
A/RES/77/205	HONDURAS	HND	Y
A/RES/77/205	HUNGARY	HUN	N
A/RES/77/205	ICELAND	ISL	A
A/RES/77/205	INDIA	IND	Y
A/RES/77/205	INDONESIA	IDN	Y
A/RES/77/205	IRAN (ISLAMIC REPUBLIC OF)	IRN	Y
A/RES/77/205	IRAQ	IRQ	Y
A/RES/77/205	IRELAND	IRL	A
A/RES/77/205	ISRAEL	ISR	N
A/RES/77/205	ITALY	ITA	N
A/RES/77/205	JAMAICA	JAM	Y
A/RES/77/205	JAPAN	JPN	A
A/RES/77/205	JORDAN	JOR	Y
A/RES/77/205	KAZAKHSTAN	KAZ	Y
A/RES/77/205	KENYA	KEN	Y
A/RES/77/205	KIRIBATI	KIR	Y
A/RES/77/205	KUWAIT	KWT	Y
A/RES/77/205	KYRGYZSTAN	KGZ	Y
A/RES/77/205	LAO PEOPLE'S DEMOCRATIC REPUBLIC	LAO	Y
A/RES/77/205	LATVIA	LVA	A
A/RES/77/205	LEBANON	LBN	Y
A/RES/77/205	LESOTHO	LSO	Y
A/RES/77/205	LIBERIA	LBR	X
A/RES/77/205	LIBYA	LBY	Y
A/RES/77/205	LIECHTENSTEIN	LIE	A
A/RES/77/205	LITHUANIA	LTU	A
A/RES/77/205	LUXEMBOURG	LUX	A
A/RES/77/205	MADAGASCAR	MDG	Y
A/RES/77/205	MALAWI	MWI	Y
A/RES/77/205	MALAYSIA	MYS	Y
A/RES/77/205	MALDIVES	MDV	Y
A/RES/77/205	MALI	MLI	Y
A/RES/77/205	MALTA	MLT	A
A/RES/77/205	MARSHALL ISLANDS	MHL	N
A/RES/77/205	MAURITANIA	MRT	Y
A/RES/77/205	MAURITIUS	MUS	Y
A/RES/77/205	MEXICO	MEX	Y
A/RES/77/205	MICRONESIA (FEDERATED STATES OF)	FSM	X
A/RES/77/205	MONACO	MCO	A
A/RES/77/205	MONGOLIA	MNG	Y
A/RES/77/205	MONTENEGRO	MNE	A
A/RES/77/205	MOROCCO	MAR	Y
A/RES/77/205	MOZAMBIQUE	MOZ	Y
A/RES/77/205	MYANMAR	MMR	Y
A/RES/77/205	NAMIBIA	NAM	Y
A/RES/77/205	NAURU	NRU	N
A/RES/77/205	NEPAL	NPL	Y
A/RES/77/205	NETHERLANDS	NLD	N
A/RES/77/205	NEW ZEALAND	NZL	A
A/RES/77/205	NICARAGUA	NIC	Y
A/RES/77/205	NIGER	NER	Y
A/RES/77/205	NIGERIA	NGA	Y
A/RES/77/205	NORTH MACEDONIA	MKD	A
A/RES/77/205	NORWAY	NOR	A
A/RES/77/205	OMAN	OMN	Y
A/RES/77/205	PAKISTAN	PAK	Y
A/RES/77/205	PALAU	PLW	X
A/RES/77/205	PANAMA	PAN	Y
A/RES/77/205	PAPUA NEW GUINEA	PNG	A
A/RES/77/205	PARAGUAY	PRY	Y
A/RES/77/205	PERU	PER	Y
A/RES/77/205	PHILIPPINES	PHL	Y
A/RES/77/205	POLAND	POL	A
A/RES/77/205	PORTUGAL	PRT	A
A/RES/77/205	QATAR	QAT	Y
A/RES/77/205	REPUBLIC OF KOREA	KOR	A
A/RES/77/205	REPUBLIC OF MOLDOVA	MDA	A
A/RES/77/205	ROMANIA	ROU	A
A/RES/77/205	RUSSIAN FEDERATION	RUS	Y
A/RES/77/205	RWANDA	RWA	Y
A/RES/77/205	SAINT KITTS AND NEVIS	KNA	Y
A/RES/77/205	SAINT LUCIA	LCA	Y
A/RES/77/205	SAINT VINCENT AND THE GRENADINES	VCT	Y
A/RES/77/205	SAMOA	WSM	Y
A/RES/77/205	SAN MARINO	SMR	A
A/RES/77/205	SAO TOME AND PRINCIPE	STP	X
A/RES/77/205	SAUDI ARABIA	SAU	Y
A/RES/77/205	SENEGAL	SEN	Y
A/RES/77/205	SERBIA	SRB	A
A/RES/77/205	SEYCHELLES	SYC	X
A/RES/77/205	SIERRA LEONE	SLE	Y
A/RES/77/205	SINGAPORE	SGP	Y
A/RES/77/205	SLOVAKIA	SVK	N
A/RES/77/205	SLOVENIA	SVN	A
A/RES/77/205	SOLOMON ISLANDS	SLB	Y
A/RES/77/205	SOMALIA	SOM	Y
A/RES/77/205	SOUTH AFRICA	ZAF	Y
A/RES/77/205	SOUTH SUDAN	SSD	X
A/RES/77/205	SPAIN	ESP	N
A/RES/77/205	SRI LANKA	LKA	Y
A/RES/77/205	SUDAN	SDN	Y
A/RES/77/205	SURINAME	SUR	Y
A/RES/77/205	SWEDEN	SWE	A
A/RES/77/205	SWITZERLAND	CHE	A
A/RES/77/205	SYRIAN ARAB REPUBLIC	SYR	Y
A/RES/77/205	TAJIKISTAN	TJK	Y
A/RES/77/205	THAILAND	THA	Y
A/RES/77/205	TIMOR-LESTE	TLS	Y
A/RES/77/205	TOGO	TGO	Y
A/RES/77/205	TONGA	TON	X
A/RES/77/205	TRINIDAD AND TOBAGO	TTO	Y
A/RES/77/205	TUNISIA	TUN	Y
A/RES/77/205	TURKMENISTAN	TKM	Y
A/RES/77/205	TUVALU	TUV	Y
A/RES/77/205	TURKIYE	TUR	Y
A/RES/77/205	UGANDA	UGA	Y
A/RES/77/205	UKRAINE	UKR	X
A/RES/77/205	UNITED ARAB EMIRATES	ARE	Y
A/RES/77/205	UNITED KINGDOM	GBR	N
A/RES/77/205	UNITED REPUBLIC OF TANZANIA	TZA	Y
A/RES/77/205	UNITED STATES	USA	N
A/RES/77/205	URUGUAY	URY	Y
A/RES/77/205	UZBEKISTAN	UZB	Y
A/RES/77/205	VANUATU	VUT	X
A/RES/77/205	VENEZUELA (BOLIVARIAN REPUBLIC OF)	VEN	X
A/RES/77/205	VIET NAM	VNM	Y
A/RES/77/205	YEMEN	YEM	Y
A/RES/77/205	ZAMBIA	ZMB	Y
A/RES/77/205	ZIMBABWE	ZWE	Y
A/RES/77/206	AFGHANISTAN	AFG	Y
A/RES/77/206	ALBANIA	ALB	N
A/RES/77/206	ALGERIA	DZA	Y
A/RES/77/206	ANDORRA	AND	N
A/RES/77/206	ANGOLA	AGO	Y
A/RES/77/206	ANTIGUA AND BARBUDA	ATG	Y
A/RES/77/206	ARGENTINA	ARG	Y
A/RES/77/206	ARMENIA	ARM	Y
A/RES/77/206	AUSTRALIA	AUS	N
A/RES/77/206	AUSTRIA	AUT	N
A/RES/77/206	AZERBAIJAN	AZE	Y
A/RES/77/206	BAHAMAS	BHS	Y
A/RES/77/206	BAHRAIN	BHR	Y
A/RES/77/206	BANGLADESH	BGD	Y
A/RES/77/206	BARBADOS	BRB	Y
A/RES/77/206	BELARUS	BLR	Y
A/RES/77/206	BELGIUM	BEL	N
A/RES/77/206	BELIZE	BLZ	Y
A/RES/77/206	BENIN	BEN	Y
A/RES/77/206	BHUTAN	BTN	Y
A/RES/77/206	BOLIVIA (PLURINATIONAL STATE OF)	BOL	Y
A/RES/77/206	BOSNIA AND HERZEGOVINA	BIH	N
A/RES/77/206	BOTSWANA	BWA	Y
A/RES/77/206	BRAZIL	BRA	Y
A/RES/77/206	BRUNEI DARUSSALAM	BRN	Y
A/RES/77/206	BULGARIA	BGR	N
A/RES/77/206	BURKINA FASO	BFA	Y
A/RES/77/206	BURUNDI	BDI	Y
A/RES/77/206	CABO VERDE	CPV	Y
A/RES/77/206	CAMBODIA	KHM	Y
A/RES/77/206	CAMEROON	CMR	Y
A/RES/77/206	CANADA	CAN	N
A/RES/77/206	CENTRAL AFRICAN REPUBLIC	CAF	Y
A/RES/77/206	CHAD	TCD	Y
A/RES/77/206	CHILE	CHL	Y
A/RES/77/206	CHINA	CHN	Y
A/RES/77/206	COLOMBIA	COL	Y
A/RES/77/206	COMOROS	COM	X
A/RES/77/206	CONGO	COG	Y
A/RES/77/206	COSTA RICA	CRI	Y
A/RES/77/206	COTE D'IVOIRE	CIV	Y
A/RES/77/206	CROATIA	HRV	N
A/RES/77/206	CUBA	CUB	Y
A/RES/77/206	CYPRUS	CYP	N
A/RES/77/206	CZECHIA	CZE	N
A/RES/77/206	DEMOCRATIC PEOPLE'S REPUBLIC OF KOREA	PRK	Y
A/RES/77/206	DEMOCRATIC REPUBLIC OF THE CONGO	COD	Y
A/RES/77/206	DENMARK	DNK	N
A/RES/77/206	DJIBOUTI	DJI	Y
A/RES/77/206	DOMINICA	DMA	X
A/RES/77/206	DOMINICAN REPUBLIC	DOM	Y
A/RES/77/206	ECUADOR	ECU	Y
A/RES/77/206	EGYPT	EGY	Y
A/RES/77/206	EL SALVADOR	SLV	Y
A/RES/77/206	EQUATORIAL GUINEA	GNQ	Y
A/RES/77/206	ERITREA	ERI	Y
A/RES/77/206	ESTONIA	EST	N
A/RES/77/206	ESWATINI	SWZ	Y
A/RES/77/206	ETHIOPIA	ETH	Y
A/RES/77/206	FIJI	FJI	Y
A/RES/77/206	FINLAND	FIN	N
A/RES/77/206	FRANCE	FRA	N
A/RES/77/206	GABON	GAB	Y
A/RES/77/206	GAMBIA	GMB	Y
A/RES/77/206	GEORGIA	GEO	N
A/RES/77/206	GERMANY	DEU	N
A/RES/77/206	GHANA	GHA	Y
A/RES/77/206	GREECE	GRC	N
A/RES/77/206	GRENADA	GRD	Y
A/RES/77/206	GUATEMALA	GTM	Y
A/RES/77/206	GUINEA	GIN	Y
A/RES/77/206	GUINEA-BISSAU	GNB	Y
A/RES/77/206	GUYANA	GUY	Y
A/RES/77/206	HAITI	HTI	Y
A/RES/77/206	HONDURAS	HND	Y
A/RES/77/206	HUNGARY	HUN	N
A/RES/77/206	ICELAND	ISL	N
A/RES/77/206	INDIA	IND	Y
A/RES/77/206	INDONESIA	IDN	Y
A/RES/77/206	IRAN (ISLAMIC REPUBLIC OF)	IRN	Y
A/RES/77/206	IRAQ	IRQ	Y
A/RES/77/206	IRELAND	IRL	N
A/RES/77/206	ISRAEL	ISR	N
A/RES/77/206	ITALY	ITA	N
A/RES/77/206	JAMAICA	JAM	Y
A/RES/77/206	JAPAN	JPN	N
A/RES/77/206	JORDAN	JOR	Y
A/RES/77/206	KAZAKHSTAN	KAZ	Y
A/RES/77/206	KENYA	KEN	Y
A/RES/77/206	KIRIBATI	KIR	Y
A/RES/77/206	KUWAIT	KWT	Y
A/RES/77/206	KYRGYZSTAN	KGZ	Y
A/RES/77/206	LAO PEOPLE'S DEMOCRATIC REPUBLIC	LAO	Y
A/RES/77/206	LATVIA	LVA	N
A/RES/77/206	LEBANON	LBN	Y
A/RES/77/206	LESOTHO	LSO	Y
A/RES/77/206	LIBERIA	LBR	A
A/RES/77/206	LIBYA	LBY	Y
A/RES/77/206	LIECHTENSTEIN	LIE	N
A/RES/77/206	LITHUANIA	LTU	N
A/RES/77/206	LUXEMBOURG	LUX	N
A/RES/77/206	MADAGASCAR	MDG	Y
A/RES/77/206	MALAWI	MWI	Y
A/RES/77/206	MALAYSIA	MYS	Y
A/RES/77/206	MALDIVES	MDV	Y
A/RES/77/206	MALI	MLI	Y
A/RES/77/206	MALTA	MLT	N
A/RES/77/206	MARSHALL ISLANDS	MHL	N
A/RES/77/206	MAURITANIA	MRT	Y
A/RES/77/206	MAURITIUS	MUS	Y
A/RES/77/206	MEXICO	MEX	A
A/RES/77/206	MICRONESIA (FEDERATED STATES OF)	FSM	N
A/RES/77/206	MONACO	MCO	N
A/RES/77/206	MONGOLIA	MNG	Y
A/RES/77/206	MONTENEGRO	MNE	N
A/RES/77/206	MOROCCO	MAR	Y
A/RES/77/206	MOZAMBIQUE	MOZ	Y
A/RES/77/206	MYANMAR	MMR	Y
A/RES/77/206	NAMIBIA	NAM	Y
A/RES/77/206	NAURU	NRU	Y
A/RES/77/206	NEPAL	NPL	Y
A/RES/77/206	NETHERLANDS	NLD	N
A/RES/77/206	NEW ZEALAND	NZL	N
A/RES/77/206	NICARAGUA	NIC	Y
A/RES/77/206	NIGER	NER	Y
A/RES/77/206	NIGERIA	NGA	Y
A/RES/77/206	NORTH MACEDONIA	MKD	N
A/RES/77/206	NORWAY	NOR	N
A/RES/77/206	OMAN	OMN	Y
A/RES/77/206	PAKISTAN	PAK	Y
A/RES/77/206	PALAU	PLW	A
A/RES/77/206	PANAMA	PAN	Y
A/RES/77/206	PAPUA NEW GUINEA	PNG	Y
A/RES/77/206	PARAGUAY	PRY	Y
A/RES/77/206	PERU	PER	Y
A/RES/77/206	PHILIPPINES	PHL	Y
A/RES/77/206	POLAND	POL	N
A/RES/77/206	PORTUGAL	PRT	N
A/RES/77/206	QATAR	QAT	Y
A/RES/77/206	REPUBLIC OF KOREA	KOR	N
A/RES/77/206	REPUBLIC OF MOLDOVA	MDA	N
A/RES/77/206	ROMANIA	ROU	N
A/RES/77/206	RUSSIAN FEDERATION	RUS	Y
A/RES/77/206	RWANDA	RWA	Y
A/RES/77/206	SAINT KITTS AND NEVIS	KNA	Y
A/RES/77/206	SAINT LUCIA	LCA	Y
A/RES/77/206	SAINT VINCENT AND THE GRENADINES	VCT	Y
A/RES/77/206	SAMOA	WSM	Y
A/RES/77/206	SAN MARINO	SMR	N
A/RES/77/206	SAO TOME AND PRINCIPE	STP	X
A/RES/77/206	SAUDI ARABIA	SAU	Y
A/RES/77/206	SENEGAL	SEN	Y
A/RES/77/206	SERBIA	SRB	N
A/RES/77/206	SEYCHELLES	SYC	X
A/RES/77/206	SIERRA LEONE	SLE	Y
A/RES/77/206	SINGAPORE	SGP	Y
A/RES/77/206	SLOVAKIA	SVK	N
A/RES/77/206	SLOVENIA	SVN	N
A/RES/77/206	SOLOMON ISLANDS	SLB	Y
A/RES/77/206	SOMALIA	SOM	Y
A/RES/77/206	SOUTH AFRICA	ZAF	Y
A/RES/77/206	SOUTH SUDAN	SSD	X
A/RES/77/206	SPAIN	ESP	N
A/RES/77/206	SRI LANKA	LKA	Y
A/RES/77/206	SUDAN	SDN	Y
A/RES/77/206	SURINAME	SUR	Y
A/RES/77/206	SWEDEN	SWE	N
A/RES/77/206	SWITZERLAND	CHE	A
A/RES/77/206	SYRIAN ARAB REPUBLIC	SYR	Y
A/RES/77/206	TAJIKISTAN	TJK	Y
A/RES/77/206	THAILAND	THA	Y
A/RES/77/206	TIMOR-LESTE	TLS	Y
A/RES/77/206	TOGO	TGO	Y
A/RES/77/206	TONGA	TON	X
A/RES/77/206	TRINIDAD AND TOBAGO	TTO	Y
A/RES/77/206	TUNISIA	TUN	Y
A/RES/77/206	TURKMENISTAN	TKM	Y
A/RES/77/206	TUVALU	TUV	Y
A/RES/77/206	TURKIYE	TUR	N
A/RES/77/206	UGANDA	UGA	Y
A/RES/77/206	UKRAINE	UKR	N
A/RES/77/206	UNITED ARAB EMIRATES	ARE	Y
A/RES/77/206	UNITED KINGDOM	GBR	N
A/RES/77/206	UNITED REPUBLIC OF TANZANIA	TZA	Y
A/RES/77/206	UNITED STATES	USA	N
A/RES/77/206	URUGUAY	URY	Y
A/RES/77/206	UZBEKISTAN	UZB	Y
A/RES/77/206	VANUATU	VUT	Y
A/RES/77/206	VENEZUELA (BOLIVARIAN REPUBLIC OF)	VEN	X
A/RES/77/206	VIET NAM	VNM	Y
A/RES/77/206	YEMEN	YEM	Y
A/RES/77/206	ZAMBIA	ZMB	Y
A/RES/77/206	ZIMBABWE	ZWE	Y
A/RES/77/208	AFGHANISTAN	AFG	Y
A/RES/77/208	ALBANIA	ALB	Y
A/RES/77/208	ALGERIA	DZA	Y
A/RES/77/208	ANDORRA	AND	Y
A/RES/77/208	ANGOLA	AGO	Y
A/RES/77/208	ANTIGUA AND BARBUDA	ATG	Y
A/RES/77/208	ARGENTINA	ARG	Y
A/RES/77/208	ARMENIA	ARM	Y
A/RES/77/208	AUSTRALIA	AUS	Y
A/RES/77/208	AUSTRIA	AUT	Y
A/RES/77/208	AZERBAIJAN	AZE	Y
A/RES/77/208	BAHAMAS	BHS	Y
A/RES/77/208	BAHRAIN	BHR	Y
A/RES/77/208	BANGLADESH	BGD	Y
A/RES/77/208	BARBADOS	BRB	Y
A/RES/77/208	BELARUS	BLR	Y
A/RES/77/208	BELGIUM	BEL	Y
A/RES/77/208	BELIZE	BLZ	Y
A/RES/77/208	BENIN	BEN	Y
A/RES/77/208	BHUTAN	BTN	Y
A/RES/77/208	BOLIVIA (PLURINATIONAL STATE OF)	BOL	Y
A/RES/77/208	BOSNIA AND HERZEGOVINA	BIH	Y
A/RES/77/208	BOTSWANA	BWA	Y
A/RES/77/208	BRAZIL	BRA	Y
A/RES/77/208	BRUNEI DARUSSALAM	BRN	Y
A/RES/77/208	BULGARIA	BGR	Y
A/RES/77/208	BURKINA FASO	BFA	Y
A/RES/77/208	BURUNDI	BDI	Y
A/RES/77/208	CABO VERDE	CPV	Y
A/RES/77/208	CAMBODIA	KHM	Y
A/RES/77/208	CAMEROON	CMR	A
A/RES/77/208	CANADA	CAN	Y
A/RES/77/208	CENTRAL AFRICAN REPUBLIC	CAF	Y
A/RES/77/208	CHAD	TCD	N
A/RES/77/208	CHILE	CHL	Y
A/RES/77/208	CHINA	CHN	Y
A/RES/77/208	COLOMBIA	COL	Y
A/RES/77/208	COMOROS	COM	X
A/RES/77/208	CONGO	COG	Y
A/RES/77/208	COSTA RICA	CRI	X
A/RES/77/208	COTE D'IVOIRE	CIV	Y
A/RES/77/208	CROATIA	HRV	Y
A/RES/77/208	CUBA	CUB	Y
A/RES/77/208	CYPRUS	CYP	Y
A/RES/77/208	CZECHIA	CZE	Y
A/RES/77/208	DEMOCRATIC PEOPLE'S REPUBLIC OF KOREA	PRK	Y
A/RES/77/208	DEMOCRATIC REPUBLIC OF THE CONGO	COD	X
A/RES/77/208	DENMARK	DNK	Y
A/RES/77/208	DJIBOUTI	DJI	Y
A/RES/77/208	DOMINICA	DMA	X
A/RES/77/208	DOMINICAN REPUBLIC	DOM	Y
A/RES/77/208	ECUADOR	ECU	Y
A/RES/77/208	EGYPT	EGY	Y
A/RES/77/208	EL SALVADOR	SLV	Y
A/RES/77/208	EQUATORIAL GUINEA	GNQ	X
A/RES/77/208	ERITREA	ERI	Y
A/RES/77/208	ESTONIA	EST	Y
A/RES/77/208	ESWATINI	SWZ	Y
A/RES/77/208	ETHIOPIA	ETH	Y
A/RES/77/208	FIJI	FJI	Y
A/RES/77/208	FINLAND	FIN	Y
A/RES/77/208	FRANCE	FRA	Y
A/RES/77/208	GABON	GAB	Y
A/RES/77/208	GAMBIA	GMB	Y
A/RES/77/208	GEORGIA	GEO	Y
A/RES/77/208	GERMANY	DEU	Y
A/RES/77/208	GHANA	GHA	Y
A/RES/77/208	GREECE	GRC	Y
A/RES/77/208	GRENADA	GRD	Y
A/RES/77/208	GUATEMALA	GTM	A
A/RES/77/208	GUINEA	GIN	Y
A/RES/77/208	GUINEA-BISSAU	GNB	Y
A/RES/77/208	GUYANA	GUY	Y
A/RES/77/208	HAITI	HTI	Y
A/RES/77/208	HONDURAS	HND	Y
A/RES/77/208	HUNGARY	HUN	Y
A/RES/77/208	ICELAND	ISL	Y
A/RES/77/208	INDIA	IND	Y
A/RES/77/208	INDONESIA	IDN	Y
A/RES/77/208	IRAN (ISLAMIC REPUBLIC OF)	IRN	Y
A/RES/77/208	IRAQ	IRQ	Y
A/RES/77/208	IRELAND	IRL	Y
A/RES/77/208	ISRAEL	ISR	N
A/RES/77/208	ITALY	ITA	Y
A/RES/77/208	JAMAICA	JAM	Y
A/RES/77/208	JAPAN	JPN	Y
A/RES/77/208	JORDAN	JOR	Y
A/RES/77/208	KAZAKHSTAN	KAZ	Y
A/RES/77/208	KENYA	KEN	Y
A/RES/77/208	KIRIBATI	KIR	A
A/RES/77/208	KUWAIT	KWT	Y
A/RES/77/208	KYRGYZSTAN	KGZ	Y
A/RES/77/208	LAO PEOPLE'S DEMOCRATIC REPUBLIC	LAO	Y
A/RES/77/208	LATVIA	LVA	Y
A/RES/77/208	LEBANON	LBN	Y
A/RES/77/208	LESOTHO	LSO	Y
A/RES/77/208	LIBERIA	LBR	X
A/RES/77/208	LIBYA	LBY	Y
A/RES/77/208	LIECHTENSTEIN	LIE	Y
A/RES/77/208	LITHUANIA	LTU	Y
A/RES/77/208	LUXEMBOURG	LUX	Y
A/RES/77/208	MADAGASCAR	MDG	Y
A/RES/77/208	MALAWI	MWI	A
A/RES/77/208	MALAYSIA	MYS	Y
A/RES/77/208	MALDIVES	MDV	Y
A/RES/77/208	MALI	MLI	Y
A/RES/77/208	MALTA	MLT	Y
A/RES/77/208	MARSHALL ISLANDS	MHL	N
A/RES/77/208	MAURITANIA	MRT	Y
A/RES/77/208	MAURITIUS	MUS	Y
A/RES/77/208	MEXICO	MEX	Y
A/RES/77/208	MICRONESIA (FEDERATED STATES OF)	FSM	N
A/RES/77/208	MONACO	MCO	Y
A/RES/77/208	MONGOLIA	MNG	Y
A/RES/77/208	MONTENEGRO	MNE	Y
A/RES/77/208	MOROCCO	MAR	Y
A/RES/77/208	MOZAMBIQUE	MOZ	Y
A/RES/77/208	MYANMAR	MMR	Y
A/RES/77/208	NAMIBIA	NAM	Y
A/RES/77/208	NAURU	NRU	N
A/RES/77/208	NEPAL	NPL	Y
A/RES/77/208	NETHERLANDS	NLD	Y
A/RES/77/208	NEW ZEALAND	NZL	Y
A/RES/77/208	NICARAGUA	NIC	Y
A/RES/77/208	NIGER	NER	Y
A/RES/77/208	NIGERIA	NGA	Y
A/RES/77/208	NORTH MACEDONIA	MKD	Y
A/RES/77/208	NORWAY	NOR	Y
A/RES/77/208	OMAN	OMN	Y
A/RES/77/208	PAKISTAN	PAK	Y
A/RES/77/208	PALAU	PLW	A
A/RES/77/208	PANAMA	PAN	Y
A/RES/77/208	PAPUA NEW GUINEA	PNG	Y
A/RES/77/208	PARAGUAY	PRY	Y
A/RES/77/208	PERU	PER	Y
A/RES/77/208	PHILIPPINES	PHL	Y
A/RES/77/208	POLAND	POL	Y
A/RES/77/208	PORTUGAL	PRT	Y
A/RES/77/208	QATAR	QAT	Y
A/RES/77/208	REPUBLIC OF KOREA	KOR	Y
A/RES/77/208	REPUBLIC OF MOLDOVA	MDA	Y
A/RES/77/208	ROMANIA	ROU	Y
A/RES/77/208	RUSSIAN FEDERATION	RUS	Y
A/RES/77/208	RWANDA	RWA	A
A/RES/77/208	SAINT KITTS AND NEVIS	KNA	Y
A/RES/77/208	SAINT LUCIA	LCA	Y
A/RES/77/208	SAINT VINCENT AND THE GRENADINES	VCT	Y
A/RES/77/208	SAMOA	WSM	Y
A/RES/77/208	SAN MARINO	SMR	Y
A/RES/77/208	SAO TOME AND PRINCIPE	STP	X
A/RES/77/208	SAUDI ARABIA	SAU	Y
A/RES/77/208	SENEGAL	SEN	Y
A/RES/77/208	SERBIA	SRB	Y
A/RES/77/208	SEYCHELLES	SYC	X
A/RES/77/208	SIERRA LEONE	SLE	Y
A/RES/77/208	SINGAPORE	SGP	Y
A/RES/77/208	SLOVAKIA	SVK	Y
A/RES/77/208	SLOVENIA	SVN	Y
A/RES/77/208	SOLOMON ISLANDS	SLB	A
A/RES/77/208	SOMALIA	SOM	Y
A/RES/77/208	SOUTH AFRICA	ZAF	Y
A/RES/77/208	SOUTH SUDAN	SSD	X
A/RES/77/208	SPAIN	ESP	Y
A/RES/77/208	SRI LANKA	LKA	Y
A/RES/77/208	SUDAN	SDN	Y
A/RES/77/208	SURINAME	SUR	Y
A/RES/77/208	SWEDEN	SWE	Y
A/RES/77/208	SWITZERLAND	CHE	Y
A/RES/77/208	SYRIAN ARAB REPUBLIC	SYR	Y
A/RES/77/208	TAJIKISTAN	TJK	Y
A/RES/77/208	THAILAND	THA	Y
A/RES/77/208	TIMOR-LESTE	TLS	Y
A/RES/77/208	TOGO	TGO	A
A/RES/77/208	TONGA	TON	X
A/RES/77/208	TRINIDAD AND TOBAGO	TTO	Y
A/RES/77/208	TUNISIA	TUN	Y
A/RES/77/208	TURKMENISTAN	TKM	Y
A/RES/77/208	TUVALU	TUV	A
A/RES/77/208	TURKIYE	TUR	Y
A/RES/77/208	UGANDA	UGA	Y
A/RES/77/208	UKRAINE	UKR	Y
A/RES/77/208	UNITED ARAB EMIRATES	ARE	Y
A/RES/77/208	UNITED KINGDOM	GBR	Y
A/RES/77/208	UNITED REPUBLIC OF TANZANIA	TZA	Y
A/RES/77/208	UNITED STATES	USA	N
A/RES/77/208	URUGUAY	URY	Y
A/RES/77/208	UZBEKISTAN	UZB	Y
A/RES/77/208	VANUATU	VUT	Y
A/RES/77/208	VENEZUELA (BOLIVARIAN REPUBLIC OF)	VEN	X
A/RES/77/208	VIET NAM	VNM	Y
A/RES/77/208	YEMEN	YEM	Y
A/RES/77/208	ZAMBIA	ZMB	Y
A/RES/77/208	ZIMBABWE	ZWE	Y
A/RES/77/212	AFGHANISTAN	AFG	Y
A/RES/77/212	ALBANIA	ALB	A
A/RES/77/212	ALGERIA	DZA	Y
A/RES/77/212	ANDORRA	AND	A
A/RES/77/212	ANGOLA	AGO	Y
A/RES/77/212	ANTIGUA AND BARBUDA	ATG	Y
A/RES/77/212	ARGENTINA	ARG	Y
A/RES/77/212	ARMENIA	ARM	Y
A/RES/77/212	AUSTRALIA	AUS	A
A/RES/77/212	AUSTRIA	AUT	N
A/RES/77/212	AZERBAIJAN	AZE	Y
A/RES/77/212	BAHAMAS	BHS	Y
A/RES/77/212	BAHRAIN	BHR	Y
A/RES/77/212	BANGLADESH	BGD	Y
A/RES/77/212	BARBADOS	BRB	Y
A/RES/77/212	BELARUS	BLR	Y
A/RES/77/212	BELGIUM	BEL	N
A/RES/77/212	BELIZE	BLZ	Y
A/RES/77/212	BENIN	BEN	Y
A/RES/77/212	BHUTAN	BTN	Y
A/RES/77/212	BOLIVIA (PLURINATIONAL STATE OF)	BOL	Y
A/RES/77/212	BOSNIA AND HERZEGOVINA	BIH	Y
A/RES/77/212	BOTSWANA	BWA	Y
A/RES/77/212	BRAZIL	BRA	A
A/RES/77/212	BRUNEI DARUSSALAM	BRN	Y
A/RES/77/212	BULGARIA	BGR	N
A/RES/77/212	BURKINA FASO	BFA	Y
A/RES/77/212	BURUNDI	BDI	Y
A/RES/77/212	CABO VERDE	CPV	Y
A/RES/77/212	CAMBODIA	KHM	Y
A/RES/77/212	CAMEROON	CMR	Y
A/RES/77/212	CANADA	CAN	A
A/RES/77/212	CENTRAL AFRICAN REPUBLIC	CAF	Y
A/RES/77/212	CHAD	TCD	Y
A/RES/77/212	CHILE	CHL	A
A/RES/77/212	CHINA	CHN	Y
A/RES/77/212	COLOMBIA	COL	Y
A/RES/77/212	COMOROS	COM	X
A/RES/77/212	CONGO	COG	Y
A/RES/77/212	COSTA RICA	CRI	Y
A/RES/77/212	COTE D'IVOIRE	CIV	Y
A/RES/77/212	CROATIA	HRV	N
A/RES/77/212	CUBA	CUB	Y
A/RES/77/212	CYPRUS	CYP	A
A/RES/77/212	CZECHIA	CZE	N
A/RES/77/212	DEMOCRATIC PEOPLE'S REPUBLIC OF KOREA	PRK	Y
A/RES/77/212	DEMOCRATIC REPUBLIC OF THE CONGO	COD	Y
A/RES/77/212	DENMARK	DNK	N
A/RES/77/212	DJIBOUTI	DJI	Y
A/RES/77/212	DOMINICA	DMA	Y
A/RES/77/212	DOMINICAN REPUBLIC	DOM	Y
A/RES/77/212	ECUADOR	ECU	Y
A/RES/77/212	EGYPT	EGY	Y
A/RES/77/212	EL SALVADOR	SLV	Y
A/RES/77/212	EQUATORIAL GUINEA	GNQ	Y
A/RES/77/212	ERITREA	ERI	Y
A/RES/77/212	ESTONIA	EST	N
A/RES/77/212	ESWATINI	SWZ	Y
A/RES/77/212	ETHIOPIA	ETH	Y
A/RES/77/212	FIJI	FJI	Y
A/RES/77/212	FINLAND	FIN	N
A/RES/77/212	FRANCE	FRA	N
A/RES/77/212	GABON	GAB	Y
A/RES/77/212	GAMBIA	GMB	Y
A/RES/77/212	GEORGIA	GEO	A
A/RES/77/212	GERMANY	DEU	N
A/RES/77/212	GHANA	GHA	Y
A/RES/77/212	GREECE	GRC	A
A/RES/77/212	GRENADA	GRD	Y
A/RES/77/212	GUATEMALA	GTM	Y
A/RES/77/212	GUINEA	GIN	Y
A/RES/77/212	GUINEA-BISSAU	GNB	Y
A/RES/77/212	GUYANA	GUY	Y
A/RES/77/212	HAITI	HTI	Y
A/RES/77/212	HONDURAS	HND	Y
A/RES/77/212	HUNGARY	HUN	N
A/RES/77/212	ICELAND	ISL	A
A/RES/77/212	INDIA	IND	Y
A/RES/77/212	INDONESIA	IDN	Y
A/RES/77/212	IRAN (ISLAMIC REPUBLIC OF)	IRN	Y
A/RES/77/212	IRAQ	IRQ	Y
A/RES/77/212	IRELAND	IRL	A
A/RES/77/212	ISRAEL	ISR	N
A/RES/77/212	ITALY	ITA	A
A/RES/77/212	JAMAICA	JAM	Y
A/RES/77/212	JAPAN	JPN	N
A/RES/77/212	JORDAN	JOR	Y
A/RES/77/212	KAZAKHSTAN	KAZ	Y
A/RES/77/212	KENYA	KEN	Y
A/RES/77/212	KIRIBATI	KIR	Y
A/RES/77/212	KUWAIT	KWT	Y
A/RES/77/212	KYRGYZSTAN	KGZ	Y
A/RES/77/212	LAO PEOPLE'S DEMOCRATIC REPUBLIC	LAO	Y
A/RES/77/212	LATVIA	LVA	N
A/RES/77/212	LEBANON	LBN	Y
A/RES/77/212	LESOTHO	LSO	Y
A/RES/77/212	LIBERIA	LBR	Y
A/RES/77/212	LIBYA	LBY	Y
A/RES/77/212	LIECHTENSTEIN	LIE	A
A/RES/77/212	LITHUANIA	LTU	N
A/RES/77/212	LUXEMBOURG	LUX	A
A/RES/77/212	MADAGASCAR	MDG	Y
A/RES/77/212	MALAWI	MWI	Y
A/RES/77/212	MALAYSIA	MYS	Y
A/RES/77/212	MALDIVES	MDV	Y
A/RES/77/212	MALI	MLI	Y
A/RES/77/212	MALTA	MLT	A
A/RES/77/212	MARSHALL ISLANDS	MHL	A
A/RES/77/212	MAURITANIA	MRT	Y
A/RES/77/212	MAURITIUS	MUS	Y
A/RES/77/212	MEXICO	MEX	A
A/RES/77/212	MICRONESIA (FEDERATED STATES OF)	FSM	X
A/RES/77/212	MONACO	MCO	A
A/RES/77/212	MONGOLIA	MNG	Y
A/RES/77/212	MONTENEGRO	MNE	A
A/RES/77/212	MOROCCO	MAR	Y
A/RES/77/212	MOZAMBIQUE	MOZ	Y
A/RES/77/212	MYANMAR	MMR	Y
A/RES/77/212	NAMIBIA	NAM	Y
A/RES/77/212	NAURU	NRU	Y
A/RES/77/212	NEPAL	NPL	Y
A/RES/77/212	NETHERLANDS	NLD	N
A/RES/77/212	NEW ZEALAND	NZL	N
A/RES/77/212	NICARAGUA	NIC	Y
A/RES/77/212	NIGER	NER	Y
A/RES/77/212	NIGERIA	NGA	Y
A/RES/77/212	NORTH MACEDONIA	MKD	A
A/RES/77/212	NORWAY	NOR	N
A/RES/77/212	OMAN	OMN	Y
A/RES/77/212	PAKISTAN	PAK	Y
A/RES/77/212	PALAU	PLW	X
A/RES/77/212	PANAMA	PAN	Y
A/RES/77/212	PAPUA NEW GUINEA	PNG	Y
A/RES/77/212	PARAGUAY	PRY	Y
A/RES/77/212	PERU	PER	Y
A/RES/77/212	PHILIPPINES	PHL	Y
A/RES/77/212	POLAND	POL	N
A/RES/77/212	PORTUGAL	PRT	A
A/RES/77/212	QATAR	QAT	Y
A/RES/77/212	REPUBLIC OF KOREA	KOR	A
A/RES/77/212	REPUBLIC OF MOLDOVA	MDA	A
A/RES/77/212	ROMANIA	ROU	A
A/RES/77/212	RUSSIAN FEDERATION	RUS	Y
A/RES/77/212	RWANDA	RWA	Y
A/RES/77/212	SAINT KITTS AND NEVIS	KNA	Y
A/RES/77/212	SAINT LUCIA	LCA	Y
A/RES/77/212	SAINT VINCENT AND THE GRENADINES	VCT	Y
A/RES/77/212	SAMOA	WSM	Y
A/RES/77/212	SAN MARINO	SMR	A
A/RES/77/212	SAO TOME AND PRINCIPE	STP	X
A/RES/77/212	SAUDI ARABIA	SAU	Y
A/RES/77/212	SENEGAL	SEN	Y
A/RES/77/212	SERBIA	SRB	Y
A/RES/77/212	SEYCHELLES	SYC	X
A/RES/77/212	SIERRA LEONE	SLE	Y
A/RES/77/212	SINGAPORE	SGP	Y
A/RES/77/212	SLOVAKIA	SVK	N
A/RES/77/212	SLOVENIA	SVN	A
A/RES/77/212	SOLOMON ISLANDS	SLB	Y
A/RES/77/212	SOMALIA	SOM	Y
A/RES/77/212	SOUTH AFRICA	ZAF	Y
A/RES/77/212	SOUTH SUDAN	SSD	X
A/RES/77/212	SPAIN	ESP	A
A/RES/77/212	SRI LANKA	LKA	Y
A/RES/77/212	SUDAN	SDN	Y
A/RES/77/212	SURINAME	SUR	Y
A/RES/77/212	SWEDEN	SWE	N
A/RES/77/212	SWITZERLAND	CHE	N
A/RES/77/212	SYRIAN ARAB REPUBLIC	SYR	Y
A/RES/77/212	TAJIKISTAN	TJK	Y
A/RES/77/212	THAILAND	THA	Y
A/RES/77/212	TIMOR-LESTE	TLS	Y
A/RES/77/212	TOGO	TGO	Y
A/RES/77/212	TONGA	TON	X
A/RES/77/212	TRINIDAD AND TOBAGO	TTO	Y
A/RES/77/212	TUNISIA	TUN	Y
A/RES/77/212	TURKMENISTAN	TKM	Y
A/RES/77/212	TUVALU	TUV	Y
A/RES/77/212	TURKIYE	TUR	Y
A/RES/77/212	UGANDA	UGA	Y
A/RES/77/212	UKRAINE	UKR	N
A/RES/77/212	UNITED ARAB EMIRATES	ARE	Y
A/RES/77/212	UNITED KINGDOM	GBR	N
A/RES/77/212	UNITED REPUBLIC OF TANZANIA	TZA	Y
A/RES/77/212	UNITED STATES	USA	N
A/RES/77/212	URUGUAY	URY	A
A/RES/77/212	UZBEKISTAN	UZB	Y
A/RES/77/212	VANUATU	VUT	Y
A/RES/77/212	VENEZUELA (BOLIVARIAN REPUBLIC OF)	VEN	X
A/RES/77/212	VIET NAM	VNM	Y
A/RES/77/212	YEMEN	YEM	Y
A/RES/77/212	ZAMBIA	ZMB	Y
A/RES/77/212	ZIMBABWE	ZWE	Y
A/RES/77/214	AFGHANISTAN	AFG	Y
A/RES/77/214	ALBANIA	ALB	N
A/RES/77/214	ALGERIA	DZA	Y
A/RES/77/214	ANDORRA	AND	N
A/RES/77/214	ANGOLA	AGO	Y
A/RES/77/214	ANTIGUA AND BARBUDA	ATG	Y
A/RES/77/214	ARGENTINA	ARG	Y
A/RES/77/214	ARMENIA	ARM	Y
A/RES/77/214	AUSTRALIA	AUS	N
A/RES/77/214	AUSTRIA	AUT	N
A/RES/77/214	AZERBAIJAN	AZE	Y
A/RES/77/214	BAHAMAS	BHS	Y
A/RES/77/214	BAHRAIN	BHR	Y
A/RES/77/214	BANGLADESH	BGD	Y
A/RES/77/214	BARBADOS	BRB	Y
A/RES/77/214	BELARUS	BLR	Y
A/RES/77/214	BELGIUM	BEL	N
A/RES/77/214	BELIZE	BLZ	Y
A/RES/77/214	BENIN	BEN	Y
A/RES/77/214	BHUTAN	BTN	Y
A/RES/77/214	BOLIVIA (PLURINATIONAL STATE OF)	BOL	Y
A/RES/77/214	BOSNIA AND HERZEGOVINA	BIH	N
A/RES/77/214	BOTSWANA	BWA	Y
A/RES/77/214	BRAZIL	BRA	A
A/RES/77/214	BRUNEI DARUSSALAM	BRN	Y
A/RES/77/214	BULGARIA	BGR	N
A/RES/77/214	BURKINA FASO	BFA	Y
A/RES/77/214	BURUNDI	BDI	Y
A/RES/77/214	CABO VERDE	CPV	Y
A/RES/77/214	CAMBODIA	KHM	Y
A/RES/77/214	CAMEROON	CMR	Y
A/RES/77/214	CANADA	CAN	N
A/RES/77/214	CENTRAL AFRICAN REPUBLIC	CAF	Y
A/RES/77/214	CHAD	TCD	Y
A/RES/77/214	CHILE	CHL	Y
A/RES/77/214	CHINA	CHN	Y
A/RES/77/214	COLOMBIA	COL	Y
A/RES/77/214	COMOROS	COM	X
A/RES/77/214	CONGO	COG	Y
A/RES/77/214	COSTA RICA	CRI	Y
A/RES/77/214	COTE D'IVOIRE	CIV	Y
A/RES/77/214	CROATIA	HRV	N
A/RES/77/214	CUBA	CUB	Y
A/RES/77/214	CYPRUS	CYP	N
A/RES/77/214	CZECHIA	CZE	N
A/RES/77/214	DEMOCRATIC PEOPLE'S REPUBLIC OF KOREA	PRK	Y
A/RES/77/214	DEMOCRATIC REPUBLIC OF THE CONGO	COD	Y
A/RES/77/214	DENMARK	DNK	N
A/RES/77/214	DJIBOUTI	DJI	Y
A/RES/77/214	DOMINICA	DMA	Y
A/RES/77/214	DOMINICAN REPUBLIC	DOM	Y
A/RES/77/214	ECUADOR	ECU	Y
A/RES/77/214	EGYPT	EGY	Y
A/RES/77/214	EL SALVADOR	SLV	Y
A/RES/77/214	EQUATORIAL GUINEA	GNQ	Y
A/RES/77/214	ERITREA	ERI	Y
A/RES/77/214	ESTONIA	EST	N
A/RES/77/214	ESWATINI	SWZ	Y
A/RES/77/214	ETHIOPIA	ETH	Y
A/RES/77/214	FIJI	FJI	Y
A/RES/77/214	FINLAND	FIN	N
A/RES/77/214	FRANCE	FRA	N
A/RES/77/214	GABON	GAB	Y
A/RES/77/214	GAMBIA	GMB	Y
A/RES/77/214	GEORGIA	GEO	N
A/RES/77/214	GERMANY	DEU	N
A/RES/77/214	GHANA	GHA	Y
A/RES/77/214	GREECE	GRC	N
A/RES/77/214	GRENADA	GRD	Y
A/RES/77/214	GUATEMALA	GTM	Y
A/RES/77/214	GUINEA	GIN	Y
A/RES/77/214	GUINEA-BISSAU	GNB	Y
A/RES/77/214	GUYANA	GUY	Y
A/RES/77/214	HAITI	HTI	Y
A/RES/77/214	HONDURAS	HND	Y
A/RES/77/214	HUNGARY	HUN	N
A/RES/77/214	ICELAND	ISL	N
A/RES/77/214	INDIA	IND	Y
A/RES/77/214	INDONESIA	IDN	Y
A/RES/77/214	IRAN (ISLAMIC REPUBLIC OF)	IRN	Y
A/RES/77/214	IRAQ	IRQ	Y
A/RES/77/214	IRELAND	IRL	N
A/RES/77/214	ISRAEL	ISR	N
A/RES/77/214	ITALY	ITA	N
A/RES/77/214	JAMAICA	JAM	Y
A/RES/77/214	JAPAN	JPN	N
A/RES/77/214	JORDAN	JOR	Y
A/RES/77/214	KAZAKHSTAN	KAZ	Y
A/RES/77/214	KENYA	KEN	Y
A/RES/77/214	KIRIBATI	KIR	Y
A/RES/77/214	KUWAIT	KWT	Y
A/RES/77/214	KYRGYZSTAN	KGZ	Y
A/RES/77/214	LAO PEOPLE'S DEMOCRATIC REPUBLIC	LAO	Y
A/RES/77/214	LATVIA	LVA	N
A/RES/77/214	LEBANON	LBN	Y
A/RES/77/214	LESOTHO	LSO	Y
A/RES/77/214	LIBERIA	LBR	X
A/RES/77/214	LIBYA	LBY	Y
A/RES/77/214	LIECHTENSTEIN	LIE	N
A/RES/77/214	LITHUANIA	LTU	N
A/RES/77/214	LUXEMBOURG	LUX	N
A/RES/77/214	MADAGASCAR	MDG	Y
A/RES/77/214	MALAWI	MWI	Y
A/RES/77/214	MALAYSIA	MYS	Y
A/RES/77/214	MALDIVES	MDV	Y
A/RES/77/214	MALI	MLI	Y
A/RES/77/214	MALTA	MLT	N
A/RES/77/214	MARSHALL ISLANDS	MHL	N
A/RES/77/214	MAURITANIA	MRT	Y
A/RES/77/214	MAURITIUS	MUS	Y
A/RES/77/214	MEXICO	MEX	Y
A/RES/77/214	MICRONESIA (FEDERATED STATES OF)	FSM	N
A/RES/77/214	MONACO	MCO	N
A/RES/77/214	MONGOLIA	MNG	Y
A/RES/77/214	MONTENEGRO	MNE	N
A/RES/77/214	MOROCCO	MAR	Y
A/RES/77/214	MOZAMBIQUE	MOZ	Y
A/RES/77/214	MYANMAR	MMR	Y
A/RES/77/214	NAMIBIA	NAM	Y
A/RES/77/214	NAURU	NRU	X
A/RES/77/214	NEPAL	NPL	Y
A/RES/77/214	NETHERLANDS	NLD	N
A/RES/77/214	NEW ZEALAND	NZL	N
A/RES/77/214	NICARAGUA	NIC	Y
A/RES/77/214	NIGER	NER	Y
A/RES/77/214	NIGERIA	NGA	Y
A/RES/77/214	NORTH MACEDONIA	MKD	N
A/RES/77/214	NORWAY	NOR	N
A/RES/77/214	OMAN	OMN	Y
A/RES/77/214	PAKISTAN	PAK	Y
A/RES/77/214	PALAU	PLW	N
A/RES/77/214	PANAMA	PAN	Y
A/RES/77/214	PAPUA NEW GUINEA	PNG	Y
A/RES/77/214	PARAGUAY	PRY	Y
A/RES/77/214	PERU	PER	Y
A/RES/77/214	PHILIPPINES	PHL	Y
A/RES/77/214	POLAND	POL	N
A/RES/77/214	PORTUGAL	PRT	N
A/RES/77/214	QATAR	QAT	Y
A/RES/77/214	REPUBLIC OF KOREA	KOR	N
A/RES/77/214	REPUBLIC OF MOLDOVA	MDA	N
A/RES/77/214	ROMANIA	ROU	N
A/RES/77/214	RUSSIAN FEDERATION	RUS	Y
A/RES/77/214	RWANDA	RWA	Y
A/RES/77/214	SAINT KITTS AND NEVIS	KNA	Y
A/RES/77/214	SAINT LUCIA	LCA	Y
A/RES/77/214	SAINT VINCENT AND THE GRENADINES	VCT	Y
A/RES/77/214	SAMOA	WSM	Y
A/RES/77/214	SAN MARINO	SMR	N
A/RES/77/214	SAO TOME AND PRINCIPE	STP	X
A/RES/77/214	SAUDI ARABIA	SAU	Y
A/RES/77/214	SENEGAL	SEN	Y
A/RES/77/214	SERBIA	SRB	X
A/RES/77/214	SEYCHELLES	SYC	X
A/RES/77/214	SIERRA LEONE	SLE	Y
A/RES/77/214	SINGAPORE	SGP	Y
A/RES/77/214	SLOVAKIA	SVK	N
A/RES/77/214	SLOVENIA	SVN	N
A/RES/77/214	SOLOMON ISLANDS	SLB	Y
A/RES/77/214	SOMALIA	SOM	Y
A/RES/77/214	SOUTH AFRICA	ZAF	Y
A/RES/77/214	SOUTH SUDAN	SSD	X
A/RES/77/214	SPAIN	ESP	N
A/RES/77/214	SRI LANKA	LKA	Y
A/RES/77/214	SUDAN	SDN	Y
A/RES/77/214	SURINAME	SUR	Y
A/RES/77/214	SWEDEN	SWE	N
A/RES/77/214	SWITZERLAND	CHE	N
A/RES/77/214	SYRIAN ARAB REPUBLIC	SYR	Y
A/RES/77/214	TAJIKISTAN	TJK	Y
A/RES/77/214	THAILAND	THA	Y
A/RES/77/214	TIMOR-LESTE	TLS	Y
A/RES/77/214	TOGO	TGO	Y
A/RES/77/214	TONGA	TON	X
A/RES/77/214	TRINIDAD AND TOBAGO	TTO	Y
A/RES/77/214	TUNISIA	TUN	Y
A/RES/77/214	TURKMENISTAN	TKM	Y
A/RES/77/214	TUVALU	TUV	Y
A/RES/77/214	TURKIYE	TUR	N
A/RES/77/214	UGANDA	UGA	Y
A/RES/77/214	UKRAINE	UKR	N
A/RES/77/214	UNITED ARAB EMIRATES	ARE	Y
A/RES/77/214	UNITED KINGDOM	GBR	N
A/RES/77/214	UNITED REPUBLIC OF TANZANIA	TZA	Y
A/RES/77/214	UNITED STATES	USA	N
A/RES/77/214	URUGUAY	URY	Y
A/RES/77/214	UZBEKISTAN	UZB	Y
A/RES/77/214	VANUATU	VUT	Y
A/RES/77/214	VENEZUELA (BOLIVARIAN REPUBLIC OF)	VEN	X
A/RES/77/214	VIET NAM	VNM	Y
A/RES/77/214	YEMEN	YEM	Y
A/RES/77/214	ZAMBIA	ZMB	Y
A/RES/77/214	ZIMBABWE	ZWE	Y
A/RES/77/215	AFGHANISTAN	AFG	Y
A/RES/77/215	ALBANIA	ALB	N
A/RES/77/215	ALGERIA	DZA	Y
A/RES/77/215	ANDORRA	AND	N
A/RES/77/215	ANGOLA	AGO	Y
A/RES/77/215	ANTIGUA AND BARBUDA	ATG	Y
A/RES/77/215	ARGENTINA	ARG	Y
A/RES/77/215	ARMENIA	ARM	A
A/RES/77/215	AUSTRALIA	AUS	N
A/RES/77/215	AUSTRIA	AUT	N
A/RES/77/215	AZERBAIJAN	AZE	Y
A/RES/77/215	BAHAMAS	BHS	Y
A/RES/77/215	BAHRAIN	BHR	Y
A/RES/77/215	BANGLADESH	BGD	Y
A/RES/77/215	BARBADOS	BRB	Y
A/RES/77/215	BELARUS	BLR	Y
A/RES/77/215	BELGIUM	BEL	N
A/RES/77/215	BELIZE	BLZ	Y
A/RES/77/215	BENIN	BEN	Y
A/RES/77/215	BHUTAN	BTN	Y
A/RES/77/215	BOLIVIA (PLURINATIONAL STATE OF)	BOL	Y
A/RES/77/215	BOSNIA AND HERZEGOVINA	BIH	N
A/RES/77/215	BOTSWANA	BWA	Y
A/RES/77/215	BRAZIL	BRA	A
A/RES/77/215	BRUNEI DARUSSALAM	BRN	Y
A/RES/77/215	BULGARIA	BGR	N
A/RES/77/215	BURKINA FASO	BFA	Y
A/RES/77/215	BURUNDI	BDI	Y
A/RES/77/215	CABO VERDE	CPV	Y
A/RES/77/215	CAMBODIA	KHM	Y
A/RES/77/215	CAMEROON	CMR	Y
A/RES/77/215	CANADA	CAN	N
A/RES/77/215	CENTRAL AFRICAN REPUBLIC	CAF	Y
A/RES/77/215	CHAD	TCD	Y
A/RES/77/215	CHILE	CHL	A
A/RES/77/215	CHINA	CHN	Y
A/RES/77/215	COLOMBIA	COL	A
A/RES/77/215	COMOROS	COM	X
A/RES/77/215	CONGO	COG	Y
A/RES/77/215	COSTA RICA	CRI	A
A/RES/77/215	COTE D'IVOIRE	CIV	Y
A/RES/77/215	CROATIA	HRV	N
A/RES/77/215	CUBA	CUB	Y
A/RES/77/215	CYPRUS	CYP	N
A/RES/77/215	CZECHIA	CZE	N
A/RES/77/215	DEMOCRATIC PEOPLE'S REPUBLIC OF KOREA	PRK	Y
A/RES/77/215	DEMOCRATIC REPUBLIC OF THE CONGO	COD	Y
A/RES/77/215	DENMARK	DNK	N
A/RES/77/215	DJIBOUTI	DJI	Y
A/RES/77/215	DOMINICA	DMA	X
A/RES/77/215	DOMINICAN REPUBLIC	DOM	Y
A/RES/77/215	ECUADOR	ECU	Y
A/RES/77/215	EGYPT	EGY	Y
A/RES/77/215	EL SALVADOR	SLV	Y
A/RES/77/215	EQUATORIAL GUINEA	GNQ	Y
A/RES/77/215	ERITREA	ERI	Y
A/RES/77/215	ESTONIA	EST	N
A/RES/77/215	ESWATINI	SWZ	Y
A/RES/77/215	ETHIOPIA	ETH	Y
A/RES/77/215	FIJI	FJI	Y
A/RES/77/215	FINLAND	FIN	N
A/RES/77/215	FRANCE	FRA	N
A/RES/77/215	GABON	GAB	Y
A/RES/77/215	GAMBIA	GMB	Y
A/RES/77/215	GEORGIA	GEO	N
A/RES/77/215	GERMANY	DEU	N
A/RES/77/215	GHANA	GHA	Y
A/RES/77/215	GREECE	GRC	N
A/RES/77/215	GRENADA	GRD	Y
A/RES/77/215	GUATEMALA	GTM	Y
A/RES/77/215	GUINEA	GIN	Y
A/RES/77/215	GUINEA-BISSAU	GNB	Y
A/RES/77/215	GUYANA	GUY	Y
A/RES/77/215	HAITI	HTI	Y
A/RES/77/215	HONDURAS	HND	Y
A/RES/77/215	HUNGARY	HUN	N
A/RES/77/215	ICELAND	ISL	N
A/RES/77/215	INDIA	IND	Y
A/RES/77/215	INDONESIA	IDN	Y
A/RES/77/215	IRAN (ISLAMIC REPUBLIC OF)	IRN	Y
A/RES/77/215	IRAQ	IRQ	Y
A/RES/77/215	IRELAND	IRL	N
A/RES/77/215	ISRAEL	ISR	N
A/RES/77/215	ITALY	ITA	N
A/RES/77/215	JAMAICA	JAM	Y
A/RES/77/215	JAPAN	JPN	N
A/RES/77/215	JORDAN	JOR	Y
A/RES/77/215	KAZAKHSTAN	KAZ	Y
A/RES/77/215	KENYA	KEN	Y
A/RES/77/215	KIRIBATI	KIR	Y
A/RES/77/215	KUWAIT	KWT	Y
A/RES/77/215	KYRGYZSTAN	KGZ	Y
A/RES/77/215	LAO PEOPLE'S DEMOCRATIC REPUBLIC	LAO	Y
A/RES/77/215	LATVIA	LVA	N
A/RES/77/215	LEBANON	LBN	Y
A/RES/77/215	LESOTHO	LSO	Y
A/RES/77/215	LIBERIA	LBR	A
A/RES/77/215	LIBYA	LBY	Y
A/RES/77/215	LIECHTENSTEIN	LIE	N
A/RES/77/215	LITHUANIA	LTU	N
A/RES/77/215	LUXEMBOURG	LUX	N
A/RES/77/215	MADAGASCAR	MDG	Y
A/RES/77/215	MALAWI	MWI	Y
A/RES/77/215	MALAYSIA	MYS	Y
A/RES/77/215	MALDIVES	MDV	Y
A/RES/77/215	MALI	MLI	Y
A/RES/77/215	MALTA	MLT	N
A/RES/77/215	MARSHALL ISLANDS	MHL	N
A/RES/77/215	MAURITANIA	MRT	Y
A/RES/77/215	MAURITIUS	MUS	Y
A/RES/77/215	MEXICO	MEX	A
A/RES/77/215	MICRONESIA (FEDERATED STATES OF)	FSM	N
A/RES/77/215	MONACO	MCO	N
A/RES/77/215	MONGOLIA	MNG	Y
A/RES/77/215	MONTENEGRO	MNE	N
A/RES/77/215	MOROCCO	MAR	Y
A/RES/77/215	MOZAMBIQUE	MOZ	Y
A/RES/77/215	MYANMAR	MMR	Y
A/RES/77/215	NAMIBIA	NAM	Y
A/RES/77/215	NAURU	NRU	Y
A/RES/77/215	NEPAL	NPL	Y
A/RES/77/215	NETHERLANDS	NLD	N
A/RES/77/215	NEW ZEALAND	NZL	N
A/RES/77/215	NICARAGUA	NIC	Y
A/RES/77/215	NIGER	NER	Y
A/RES/77/215	NIGERIA	NGA	Y
A/RES/77/215	NORTH MACEDONIA	MKD	N
A/RES/77/215	NORWAY	NOR	N
A/RES/77/215	OMAN	OMN	Y
A/RES/77/215	PAKISTAN	PAK	Y
A/RES/77/215	PALAU	PLW	N
A/RES/77/215	PANAMA	PAN	A
A/RES/77/215	PAPUA NEW GUINEA	PNG	Y
A/RES/77/215	PARAGUAY	PRY	Y
A/RES/77/215	PERU	PER	A
A/RES/77/215	PHILIPPINES	PHL	Y
A/RES/77/215	POLAND	POL	N
A/RES/77/215	PORTUGAL	PRT	N
A/RES/77/215	QATAR	QAT	Y
A/RES/77/215	REPUBLIC OF KOREA	KOR	N
A/RES/77/215	REPUBLIC OF MOLDOVA	MDA	N
A/RES/77/215	ROMANIA	ROU	N
A/RES/77/215	RUSSIAN FEDERATION	RUS	Y
A/RES/77/215	RWANDA	RWA	Y
A/RES/77/215	SAINT KITTS AND NEVIS	KNA	Y
A/RES/77/215	SAINT LUCIA	LCA	Y
A/RES/77/215	SAINT VINCENT AND THE GRENADINES	VCT	Y
A/RES/77/215	SAMOA	WSM	Y
A/RES/77/215	SAN MARINO	SMR	N
A/RES/77/215	SAO TOME AND PRINCIPE	STP	X
A/RES/77/215	SAUDI ARABIA	SAU	Y
A/RES/77/215	SENEGAL	SEN	Y
A/RES/77/215	SERBIA	SRB	N
A/RES/77/215	SEYCHELLES	SYC	X
A/RES/77/215	SIERRA LEONE	SLE	Y
A/RES/77/215	SINGAPORE	SGP	Y
A/RES/77/215	SLOVAKIA	SVK	N
A/RES/77/215	SLOVENIA	SVN	N
A/RES/77/215	SOLOMON ISLANDS	SLB	Y
A/RES/77/215	SOMALIA	SOM	Y
A/RES/77/215	SOUTH AFRICA	ZAF	Y
A/RES/77/215	SOUTH SUDAN	SSD	X
A/RES/77/215	SPAIN	ESP	N
A/RES/77/215	SRI LANKA	LKA	Y
A/RES/77/215	SUDAN	SDN	Y
A/RES/77/215	SURINAME	SUR	Y
A/RES/77/215	SWEDEN	SWE	N
A/RES/77/215	SWITZERLAND	CHE	N
A/RES/77/215	SYRIAN ARAB REPUBLIC	SYR	Y
A/RES/77/215	TAJIKISTAN	TJK	Y
A/RES/77/215	THAILAND	THA	Y
A/RES/77/215	TIMOR-LESTE	TLS	Y
A/RES/77/215	TOGO	TGO	Y
A/RES/77/215	TONGA	TON	X
A/RES/77/215	TRINIDAD AND TOBAGO	TTO	Y
A/RES/77/215	TUNISIA	TUN	Y
A/RES/77/215	TURKMENISTAN	TKM	Y
A/RES/77/215	TUVALU	TUV	Y
A/RES/77/215	TURKIYE	TUR	N
A/RES/77/215	UGANDA	UGA	Y
A/RES/77/215	UKRAINE	UKR	N
A/RES/77/215	UNITED ARAB EMIRATES	ARE	Y
A/RES/77/215	UNITED KINGDOM	GBR	N
A/RES/77/215	UNITED REPUBLIC OF TANZANIA	TZA	Y
A/RES/77/215	UNITED STATES	USA	N
A/RES/77/215	URUGUAY	URY	A
A/RES/77/215	UZBEKISTAN	UZB	Y
A/RES/77/215	VANUATU	VUT	Y
A/RES/77/215	VENEZUELA (BOLIVARIAN REPUBLIC OF)	VEN	X
A/RES/77/215	VIET NAM	VNM	Y
A/RES/77/215	YEMEN	YEM	Y
A/RES/77/215	ZAMBIA	ZMB	Y
A/RES/77/215	ZIMBABWE	ZWE	Y
